,col1,col2,col3,col4
0,Antony_Leung,2,3,-1
1,Anwar_Ibrahim,1,2,-1
2,Arantxa_Sanchez-Vicario,1,2,-1
3,Ari_Fleischer,1,13,-1
4,Ari_Fleischer,2,4,-1
5,Ari_Fleischer,4,6,-1
6,Ari_Fleischer,8,13,-1
7,Arianna_Huffington,1,2,-1
8,Arianna_Huffington,2,3,-1
9,Arminio_Fraga,2,6,-1
10,Arnold_Palmer,1,2,-1
11,Arnold_Palmer,1,3,-1
12,Arnoldo_Aleman,1,3,-1
13,Arnoldo_Aleman,2,4,-1
14,Aron_Ralston,1,2,-1
15,Art_Hoffmann,1,2,-1
16,Arturo_Gatti,1,2,-1
17,Arturo_Gatti,2,3,-1
18,Arye_Mekel,1,2,-1
19,Asa_Hutchinson,1,2,-1
20,Atal_Bihari_Vajpayee,10,20,-1
21,Atal_Bihari_Vajpayee,17,24,-1
22,Augusto_Roa_Bastos,1,2,-1
23,Azra_Akin,1,4,-1
24,Barbara_Walters,1,3,-1
25,Barbara_Walters,1,4,-1
26,Barbara_Walters,3,4,-1
27,Barbra_Streisand,1,2,-1
28,Barbra_Streisand,2,3,-1
29,Barrett_Jackman,1,2,-1
30,Barry_Zito,1,2,-1
31,Bashar_Assad,1,3,-1
32,Bashar_Assad,3,4,-1
33,Ben_Glisan,1,2,-1
34,Ben_Howland,1,2,-1
35,Benazir_Bhutto,1,2,-1
36,Benazir_Bhutto,2,5,-1
37,Bernard_Landry,1,2,-1
38,Bernard_Landry,1,4,-1
39,Bernard_Law,1,2,-1
40,Bernard_Law,2,5,-1
41,Bernardo_Segura,1,2,-1
42,Beth_Jones,1,2,-1
43,Bijan_Darvish,1,3,-1
44,Bijan_Namdar_Zangeneh,1,2,-1
45,Bill_Belichick,1,2,-1
46,Bill_Callahan,1,2,-1
47,Bill_Callahan,1,3,-1
48,Bill_Clinton,4,20,-1
49,Bill_Gates,3,11,-1
50,Bill_Gates,4,15,-1
51,Bill_Graham,1,7,-1
52,Bill_Graham,8,9,-1
53,Bill_Nelson,1,2,-1
54,Bill_Simon,4,15,-1
55,Bill_Simon,5,13,-1
56,Billy_Crystal,3,5,-1
57,Billy_Crystal,3,6,-1
58,Billy_Crystal,5,6,-1
59,Billy_Graham,1,2,-1
60,Binyamin_Ben-Eliezer,2,5,-1
61,Binyamin_Ben-Eliezer,3,7,-1
62,Bo_Ryan,1,2,-1
63,Bob_Beauprez,1,2,-1
64,Bob_Geldof,1,2,-1
65,Bob_Graham,1,5,-1
66,Bob_Graham,1,6,-1
67,Bob_Graham,2,4,-1
68,Bob_Graham,3,5,-1
69,Bob_Huggins,1,2,-1
70,Bob_Stoops,5,7,-1
71,Bobby_Robson,1,2,-1
72,Boris_Berezovsky,1,2,-1
73,Branko_Crvenkovski,1,3,-1
74,Brendan_Hansen,1,2,-1
75,Brooke_Shields,1,2,-1
76,Bruce_Van_De_Velde,1,2,-1
77,Bruce_Weber,1,2,-1
78,Bud_Selig,1,2,-1
79,Bud_Selig,1,4,-1
80,Bulent_Ecevit,2,4,-1
81,Bulent_Ecevit,2,5,-1
82,Bulent_Ecevit,3,6,-1
83,Cameron_Diaz,3,4,-1
84,Candie_Kung,1,2,-1
85,Candie_Kung,2,3,-1
86,Carla_Myers,1,2,-1
87,Carlos_Menem,1,3,-1
88,Carlos_Menem,6,12,-1
89,Carlos_Ruiz,2,3,-1
90,Carlos_Vives,1,2,-1
91,Carlos_Vives,2,3,-1
92,Carly_Fiorina,1,2,-1
93,Carly_Fiorina,1,3,-1
94,Carmen_Electra,1,6,-1
95,Carol_Moseley_Braun,1,2,-1
96,Carolina_Kluft,1,3,-1
97,Caroline_Kennedy,1,3,-1
98,Carson_Palmer,2,4,-1
99,Cate_Blanchett,2,3,-1
100,Cate_Blanchett,2,4,-1
101,Catherine_Deneuve,2,5,-1
102,Catherine_Zeta-Jones,1,4,-1
103,Catherine_Zeta-Jones,1,8,-1
104,Catherine_Zeta-Jones,4,9,-1
105,Catherine_Zeta-Jones,6,9,-1
106,Catherine_Zeta-Jones,8,10,-1
107,Cecilia_Bolocco,1,3,-1
108,Cesar_Gaviria,2,5,-1
109,Cesar_Gaviria,4,8,-1
110,Cesar_Gaviria,6,7,-1
111,Charles_Grassley,1,2,-1
112,Charles_Moose,1,3,-1
113,Charles_Moose,4,10,-1
114,Charles_Moose,4,11,-1
115,Charles_Schumer,1,2,-1
116,Charlotte_Rampling,1,2,-1
117,Chen_Liang_Yu,1,2,-1
118,Cherie_Blair,1,2,-1
119,Cherie_Blair,1,3,-1
120,Cherie_Blair,2,4,-1
121,Cherie_Blair,3,4,-1
122,Choi_Sung-hong,1,4,-1
123,Choi_Sung-hong,3,4,-1
124,Chris_Cooper,1,2,-1
125,Chris_Rock,1,2,-1
126,Chris_Tucker,1,2,-1
127,Christian_Fittipaldi,1,2,-1
128,Christine_Gregoire,2,3,-1
129,Christopher_Patten,1,2,-1
130,Christopher_Walken,1,4,-1
131,Christopher_Walken,2,4,-1
132,Chuck_Amato,1,2,-1
133,Chuck_Yeager,1,2,-1
134,Chung_Mong-hun,1,2,-1
135,Cindy_Margolis,1,2,-1
136,Ciro_Gomes,2,3,-1
137,Ciro_Gomes,2,4,-1
138,Ciro_Gomes,3,4,-1
139,Claire_Hentzen,1,2,-1
140,Clara_Harris,1,4,-1
141,Clara_Harris,2,4,-1
142,Claudia_Pechstein,1,2,-1
143,Claudia_Schiffer,1,3,-1
144,Clint_Eastwood,1,5,-1
145,Clint_Eastwood,1,6,-1
146,Clint_Eastwood,3,6,-1
147,Colin_Farrell,1,7,-1
148,Colin_Farrell,3,7,-1
149,Colin_Jackson,1,2,-1
150,Colin_Montgomerie,2,4,-1
151,Colin_Montgomerie,2,5,-1
152,Colin_Powell,38,212,-1
153,Colin_Powell,74,205,-1
154,Colin_Powell,120,166,-1
155,Conan_OBrien,1,2,-1
156,Constance_Marie,2,3,-1
157,Coretta_Scott_King,2,3,-1
158,Corinne_Coman,1,2,-1
159,Costas_Simitis,1,3,-1
160,Costas_Simitis,2,4,-1
161,Cristina_Saralegui,1,2,-1
162,Cruz_Bustamante,1,4,-1
163,Dalai_Lama,1,2,-1
164,Dale_Earnhardt_Jr,1,2,-1
165,Dale_Earnhardt_Jr,1,3,-1
166,Damon_van_Dam,1,2,-1
167,Dan_Morales,1,2,-1
168,Dan_Morales,1,3,-1
169,Daniel_Day-Lewis,1,2,-1
170,Daniel_Day-Lewis,1,3,-1
171,Darrell_Issa,1,2,-1
172,Darrell_Porter,1,2,-1
173,Darren_Clarke,1,2,-1
174,Daryl_Hannah,1,2,-1
175,David_Anderson,1,2,-1
176,David_Anderson,2,4,-1
177,David_Beckham,4,17,-1
178,David_Beckham,4,24,-1
179,David_Beckham,5,10,-1
180,David_Caruso,1,2,-1
181,David_Coulthard,1,2,-1
182,David_Dodge,1,2,-1
183,David_Heymann,1,2,-1
184,David_Hyde_Pierce,3,4,-1
185,David_Myers,1,2,-1
186,David_Nalbandian,4,9,-1
187,David_Spade,1,2,-1
188,David_Wells,1,2,-1
189,David_Wells,2,5,-1
190,Dean_Barkley,1,4,-1
191,Dean_Barkley,2,3,-1
192,Debbie_Reynolds,1,3,-1
193,Debra_Brown,1,2,-1
194,Demi_Moore,1,2,-1
195,Demi_Moore,2,3,-1
196,Demi_Moore,2,4,-1
197,Dennis_Erickson,1,2,-1
198,Dennis_Kucinich,2,5,-1
199,Dennis_Kucinich,6,7,-1
200,Derek_Lowe,1,2,-1
201,Desiree_Lemosi,1,2,-1
202,Dexter_Jackson,1,2,-1
203,Diana_Krall,1,3,-1
204,Diana_Krall,1,6,-1
205,Diana_Krall,2,4,-1
206,Diana_Munz,2,3,-1
207,Dianne_Feinstein,2,3,-1
208,Dick_Cheney,1,11,-1
209,Dick_Cheney,1,14,-1
210,Dolly_Parton,1,2,-1
211,Dolma_Tsering,1,2,-1
212,Don_Nickles,1,2,-1
213,Don_Siegelman,2,3,-1
214,Donald_Evans,1,2,-1
215,Donald_Fehr,3,4,-1
216,Doris_Roberts,1,2,-1
217,Doug_Duncan,1,2,-1
218,Drew_Barrymore,1,2,-1
219,Duane_Lee_Chapman,1,2,-1
220,Dwayne_Johnson,1,2,-1
221,Eddy_Merckx,1,2,-1
222,Edie_Falco,1,2,-1
223,Edmund_Hillary,2,3,-1
224,Edmund_Stoiber,2,3,-1
225,Eduard_Shevardnadze,1,3,-1
226,Eduard_Shevardnadze,3,4,-1
227,Eduardo_Duhalde,5,11,-1
228,Edward_Kennedy,1,2,-1
229,Edward_Said,1,2,-1
230,Edwina_Currie,2,3,-1
231,Eileen_Coparropa,2,3,-1
232,Elena_Bovina,1,2,-1
233,Elijah_Wood,2,3,-1
234,Elizabeth_Dole,1,3,-1
235,Elizabeth_Hurley,1,2,-1
236,Elizabeth_Hurley,2,3,-1
237,Elizabeth_Hurley,4,5,-1
238,Elizabeth_Shue,1,2,-1
239,Ellen_DeGeneres,1,2,-1
240,Elton_John,1,7,-1
241,Elton_John,3,5,-1
242,Elvis_Presley,1,2,-1
243,Emanuel_Ginobili,2,4,-1
244,Emile_Lahoud,1,2,-1
245,Emily_Robison,1,2,-1
246,Emma_Thompson,1,2,-1
247,Emma_Thompson,1,3,-1
248,Emmanuelle_Beart,1,2,-1
249,Emmanuelle_Beart,2,3,-1
250,Emmit_Smith,1,2,-1
251,Enrique_Bolanos,1,2,-1
252,Enrique_Bolanos,2,5,-1
253,Enrique_Bolanos,4,5,-1
254,Eric_Clapton,1,2,-1
255,Eric_Rosser,1,2,-1
256,Erika_Harold,2,5,-1
257,Ernesto_Zedillo,1,2,-1
258,Ernie_Els,1,3,-1
259,Ethan_Hawke,1,4,-1
260,Ethan_Hawke,2,4,-1
261,Ethan_Hawke,3,4,-1
262,Eunice_Barber,1,2,-1
263,Eva_Dimas,1,2,-1
264,Evander_Holyfield,1,2,-1
265,Eve_Pelletier,1,2,-1
266,Farouk_al-Sharaa,1,3,-1
267,Farouk_al-Sharaa,2,3,-1
268,Federico_Trillo,1,3,-1
269,Felix_Mantilla,1,2,-1
270,Fernando_Gonzalez,2,6,-1
271,Fernando_Gonzalez,4,7,-1
272,Fernando_Henrique_Cardoso,1,3,-1
273,Fidel_Castro,4,14,-1
274,Flavia_Delaroli,1,2,-1
275,Frances_Fisher,1,2,-1
276,Francis_Ford_Coppola,1,2,-1
277,Francisco_Flores,3,4,-1
278,Frank_Griswold,1,2,-1
279,Frank_Solich,1,2,-1
280,Frank_Solich,3,4,-1
281,Franz_Muentefering,1,3,-1
282,Franz_Muentefering,1,4,-1
283,Franz_Muentefering,2,3,-1
284,Fred_Thompson,2,3,-1
285,Fujio_Cho,1,5,-1
286,Gabriel_Valdes,1,2,-1
287,Garry_Kasparov,1,2,-1
288,Gary_Carter,1,2,-1
289,Gary_Carter,1,3,-1
290,Gary_Forsee,1,2,-1
291,Gary_Locke,1,2,-1
292,George_Clooney,2,8,-1
293,George_Clooney,3,9,-1
294,George_Clooney,5,7,-1
295,George_Galloway,1,4,-1
296,George_HW_Bush,1,10,-1
297,George_HW_Bush,5,13,-1
298,George_HW_Bush,10,13,-1
299,George_Lopez,1,4,-1
300,George_P_Bush,1,2,-1
301,George_Pataki,1,5,-1
302,George_Roy_Hill,1,2,-1
303,George_Voinovich,1,2,-1
304,George_Voinovich,1,3,-1
305,Gerardo_Gambala,1,2,-1
306,Gerry_Parsky,1,2,-1
307,Gian_Marco,2,3,-1
308,Gil_de_Ferran,2,3,-1
309,Gisele_Bundchen,1,2,-1
310,Gloria_Allred,1,2,-1
311,Gloria_Macapagal_Arroyo,29,40,-1
312,Gloria_Trevi,1,3,-1
313,Gloria_Trevi,2,4,-1
314,Gloria_Trevi,3,4,-1
315,Goldie_Hawn,2,6,-1
316,Gonzalo_Sanchez_de_Lozada,3,10,-1
317,Gonzalo_Sanchez_de_Lozada,4,8,-1
318,Gonzalo_Sanchez_de_Lozada,7,8,-1
319,Goran_Persson,1,2,-1
320,Grady_Irvin_Jr,1,2,-1
321,Grant_Hackett,2,3,-1
322,Greg_Rusedski,1,4,-1
323,Greg_Rusedski,2,4,-1
324,Greg_Rusedski,3,4,-1
325,Gregg_Popovich,3,4,-1
326,Guillaume_Soro,1,2,-1
327,Guillermo_Canas,1,2,-1
328,Guillermo_Canas,1,4,-1
329,Guillermo_Canas,2,4,-1
330,Guillermo_Coria,19,29,-1
331,Guillermo_Coria,21,27,-1
332,Guillermo_Ortiz,1,2,-1
333,Gunter_Pleuger,2,5,-1
334,Gustavo_Kuerten,1,2,-1
335,Gustavo_Kuerten,2,3,-1
336,Habib_Rizieq,4,5,-1
337,Hal_Gehman,1,3,-1
338,Hal_Sutton,1,2,-1
339,Halle_Berry,1,10,-1
340,Halle_Berry,7,15,-1
341,Halle_Berry,10,16,-1
342,Hamid_Karzai,1,2,-1
343,Hamzah_Haz,1,2,-1
344,Hanan_Ashrawi,1,2,-1
345,Hans_Blix,2,3,-1
346,Hans_Blix,6,36,-1
347,Hans_Blix,14,36,-1
348,Harbhajan_Singh,1,2,-1
349,Hashim_Thaci,1,2,-1
350,Hassan_Nasrallah,1,2,-1
351,Heath_Ledger,1,2,-1
352,Hector_Babenco,1,2,-1
353,Hee-Won_Han,1,3,-1
354,Heidi_Klum,1,3,-1
355,Helen_Clark,3,4,-1
356,Henrique_Meirelles,1,2,-1
357,Herta_Daeubler-Gmelin,1,2,-1
358,Hideki_Matsui,1,2,-1
359,Hilary_Duff,1,3,-1
360,Hilary_Duff,2,3,-1
361,Hillary_Clinton,1,14,-1
362,Hillary_Clinton,8,14,-1
363,Hilmi_Ozkok,1,2,-1
364,Hipolito_Mejia,1,3,-1
365,Hisao_Oguchi,1,2,-1
366,Holly_Hunter,2,3,-1
367,Holly_Hunter,2,5,-1
368,Holly_Hunter,4,7,-1
369,Hootie_Johnson,1,2,-1
370,Hosni_Mubarak,8,9,-1
371,Hu_Jintao,1,2,-1
372,Hu_Jintao,1,12,-1
373,Hu_Jintao,2,3,-1
374,Hugh_Grant,1,7,-1
375,Hugh_Grant,1,9,-1
376,Hun_Sen,1,2,-1
377,Hun_Sen,1,4,-1
378,Ian_McKellen,1,2,-1
379,Ian_McKellen,1,3,-1
380,Ian_McKellen,2,3,-1
381,Ibrahim_Jaafari,1,2,-1
382,Igor_Ivanov,5,16,-1
383,Ilan_Ramon,1,3,-1
384,Inam-ul-Haq,1,2,-1
385,Inocencio_Arias,1,2,-1
386,Intisar_Ajouri,2,3,-1
387,Jack_Straw,4,22,-1
388,Jackie_Chan,1,10,-1
389,Jackie_Chan,7,12,-1
390,Jacqueline_Obradors,1,2,-1
391,Jada_Pinkett_Smith,1,2,-1
392,James_Caan,1,2,-1
393,James_Cunningham,1,2,-1
394,James_Cunningham,2,3,-1
395,James_Gandolfini,1,3,-1
396,James_Jones,1,2,-1
397,James_Parker,1,2,-1
398,James_Schultz,1,2,-1
399,James_Traficant,1,2,-1
400,James_Traficant,1,3,-1
401,James_Wolfensohn,1,3,-1
402,Jan-Michael_Gambill,1,3,-1
403,Jane_Fonda,1,2,-1
404,Jane_Pauley,1,2,-1
405,Janet_Napolitano,1,4,-1
406,Janet_Napolitano,2,3,-1
407,Jason_Jennings,1,2,-1
408,Jason_Kidd,1,4,-1
409,Jason_Kidd,1,10,-1
410,Jason_Kidd,5,6,-1
411,Jason_Kidd,6,9,-1
412,Jason_Kidd,6,10,-1
413,Javier_Solana,2,6,-1
414,Javier_Solana,6,7,-1
415,Jay_Leno,2,3,-1
416,Jayson_Williams,1,2,-1
417,Jean-Claude_Braquet,1,2,-1
418,Jean-David_Levitte,3,4,-1
419,Jean-David_Levitte,6,7,-1
420,Jean-David_Levitte,8,10,-1
421,Jean-Francois_Pontal,1,3,-1
422,Jean-Sebastien_Giguere,1,2,-1
423,Jean_Brumley,1,2,-1
424,Jean_Chretien,3,8,-1
425,Jean_Chretien,22,30,-1
426,Jean_Chretien,31,50,-1
427,Jeanne_Moreau,1,2,-1
428,Jeb_Bush,4,12,-1
429,Jeff_Van_Gundy,1,3,-1
430,Jeffrey_Archer,1,2,-1
431,Jeffrey_Immelt,1,2,-1
432,Jeffrey_Jones,1,2,-1
433,Jennifer_Aniston,5,13,-1
434,Jennifer_Garner,1,6,-1
435,Jennifer_Garner,1,10,-1
436,Jennifer_Garner,4,5,-1
437,Jennifer_Garner,5,11,-1
438,Jennifer_Lopez,4,7,-1
439,Jennifer_Lopez,5,15,-1
440,Jennifer_Lopez,10,21,-1
441,Jerry_Regier,2,3,-1
442,Jessica_Lynch,1,2,-1
443,Jia_Qinglin,1,2,-1
444,Jim_Carrey,2,3,-1
445,Jim_Edmonds,1,2,-1
446,Jim_Furyk,1,6,-1
447,Jim_OBrien,1,3,-1
448,Jim_OBrien,2,3,-1
449,Jim_Tressel,1,2,-1
450,Jim_Tressel,2,3,-1
451,Jiri_Novak,1,10,-1
452,Jiri_Novak,4,7,-1
453,Jiri_Novak,9,11,-1
454,Jo_Dee_Messina,1,2,-1
455,Joan_Claybrook,1,2,-1
456,Joan_Laporta,2,7,-1
457,Job_Cohen,1,2,-1
458,Joe_Calzaghe,1,2,-1
459,Joe_Dumars,1,2,-1
460,Joe_Gatti,1,2,-1
461,Joe_Torre,2,3,-1
462,Joe_Torre,2,4,-1
463,Joerg_Haider,1,2,-1
464,John_Abizaid,3,9,-1
465,John_Ashcroft,18,21,-1
466,John_Ashcroft,25,27,-1
467,John_Ashcroft,35,53,-1
468,John_Cusack,1,2,-1
469,John_F_Kennedy_Jr,1,2,-1
470,John_Kerry,1,2,-1
471,John_Kerry,5,14,-1
472,John_Manley,2,7,-1
473,John_Manley,3,4,-1
474,John_Manley,4,5,-1
475,John_McCain,3,4,-1
476,John_McCain,5,6,-1
477,John_McCormack,1,2,-1
478,John_Paul_II,3,11,-1
479,John_Reid,1,2,-1
480,John_Rigas,1,2,-1
481,John_Rosa,2,3,-1
482,John_Ruiz,1,2,-1
483,John_Snow,2,4,-1
484,John_Snow,4,7,-1
485,John_Snow,8,16,-1
486,John_Snow,14,17,-1
487,John_Swofford,1,3,-1
488,John_Taylor,1,2,-1
489,John_Warner,1,2,-1
490,John_Warner,1,4,-1
491,John_Warner,2,3,-1
492,Johnny_Tapia,1,3,-1
493,Johnny_Tapia,2,3,-1
494,Jon_Gruden,2,7,-1
495,Jonathan_Edwards,2,4,-1
496,Jonathan_Mostow,1,2,-1
497,Jong_Wook_Lee,1,3,-1
498,Jorge_Batlle,1,3,-1
499,Jorge_Batlle,2,3,-1
500,Joschka_Fischer,14,15,-1
501,Jose_Canseco,1,2,-1
502,Jose_Manuel_Durao_Barroso,1,6,-1
503,Jose_Manuel_Durao_Barroso,2,5,-1
504,Jose_Manuel_Durao_Barroso,3,5,-1
505,Jose_Maria_Aznar,4,22,-1
506,Jose_Maria_Aznar,14,20,-1
507,Jose_Mourinho,1,2,-1
508,Jose_Sarney,1,2,-1
509,Jose_Serra,1,9,-1
510,Jose_Viegas_Filho,1,2,-1
511,Joseph_Biden,1,3,-1
512,Joseph_Biden,2,3,-1
513,Joseph_Blatter,1,2,-1
514,Joseph_Estrada,2,4,-1
515,Juan_Carlos_Ferrero,2,9,-1
516,Juan_Carlos_Ferrero,7,18,-1
517,Juan_Ignacio_Chela,1,3,-1
518,Juan_Pablo_Montoya,3,5,-1
519,Juan_Valencia_Osorio,1,2,-1
520,Juanes,1,2,-1
521,Juanes,1,3,-1
522,Juanes,2,3,-1
523,Judy_Genshaft,1,2,-1
524,Juergen_Peters,1,2,-1
525,Julia_Tymoshenko,1,2,-1
526,Julia_Tymoshenko,1,3,-1
527,Julianne_Moore,6,12,-1
528,Julianne_Moore,9,12,-1
529,Julie_Taymor,1,2,-1
530,Justin_Guarini,1,3,-1
531,Justin_Guarini,2,3,-1
532,Kate_Capshaw,1,2,-1
533,Kate_Hudson,2,4,-1
534,Kate_Winslet,1,4,-1
535,Kate_Winslet,2,4,-1
536,Katherine_Harris,2,3,-1
537,Kathleen_Glynn,1,2,-1
538,Kathryn_Bigelow,1,2,-1
539,Katie_Harman,2,3,-1
540,Keanu_Reeves,2,5,-1
541,Keanu_Reeves,2,12,-1
542,Keanu_Reeves,4,6,-1
543,Kelli_White,1,2,-1
544,Kelly_Clarkson,1,3,-1
545,Kemal_Dervis,1,2,-1
546,Ken_Watanabe,1,2,-1
547,Kent_Rominger,1,2,-1
548,Kevin_Spacey,1,5,-1
549,Kevin_Spacey,2,4,-1
550,Kevin_Stallings,1,2,-1
551,Kim_Clijsters,4,9,-1
552,Kim_Ryong-sung,3,10,-1
553,Kim_Ryong-sung,4,6,-1
554,Kim_Ryong-sung,4,9,-1
555,Kimi_Raikkonen,1,3,-1
556,Kimi_Raikkonen,2,3,-1
557,Kobe_Bryant,1,3,-1
558,Kobe_Bryant,2,3,-1
559,Kurt_Busch,1,2,-1
560,Kurt_Russell,1,2,-1
561,Laila_Ali,1,2,-1
562,Larry_Brown,1,2,-1
563,Larry_Brown,3,7,-1
564,Larry_Johnson,1,2,-1
565,Larry_Lucchino,1,2,-1
566,Lars_Von_Trier,1,3,-1
567,Laura_Bush,4,32,-1
568,Laura_Bush,11,40,-1
569,Laura_Bush,13,16,-1
570,Lauren_Hutton,1,2,-1
571,LeAnn_Rimes,1,2,-1
572,Leander_Paes,1,2,-1
573,Lech_Walesa,1,2,-1
574,Lee_Hoi-chang,1,3,-1
575,Lee_Jun,1,2,-1
576,Lee_Soo-hyuck,1,2,-1
577,Lee_Soo-hyuck,1,3,-1
578,Lee_Tae-sik,1,2,-1
579,Lennox_Lewis,2,3,-1
580,Lenny_Wilkens,2,3,-1
581,Leonard_Hamilton,1,2,-1
582,Lesley_McCulloch,1,2,-1
583,Li_Peng,1,7,-1
584,Li_Zhaoxing,1,3,-1
585,Li_Zhaoxing,1,5,-1
586,Li_Zhaoxing,2,8,-1
587,Lim_Dong-won,1,2,-1
588,Lionel_Richie,1,2,-1
589,Lisa_Gottsegen,1,2,-1
590,Lisa_Ling,1,2,-1
591,Liu_Mingkang,1,2,-1
592,Lleyton_Hewitt,10,12,-1
593,Lon_Kruger,1,2,-1
594,Lou_Piniella,1,3,-1
595,Ludivine_Sagnier,1,4,-1
596,Luiz_Inacio_Lula_da_Silva,12,33,-1
597,Luiz_Inacio_Lula_da_Silva,17,42,-1
598,Luiz_Inacio_Lula_da_Silva,25,33,-1
599,Luke_Walton,1,2,-1
600,Lynne_Cheney,1,3,-1
601,Lynne_Cheney,2,3,-1
602,Madonna,2,5,-1
603,Magdalena_Maleeva,1,2,-1
604,Mahathir_Mohamad,9,10,-1
605,Mahathir_Mohamad,11,12,-1
606,Manuel_Poggiali,1,2,-1
607,Marc-Andre_Fleury,1,2,-1
608,Marc_Grossman,1,2,-1
609,Marc_Grossman,1,3,-1
610,Marcelo_Ebrard,1,2,-1
611,Marco_Antonio_Barrera,3,6,-1
612,Marcus_Gronholm,1,2,-1
613,Margaret_Thatcher,1,2,-1
614,Maria_Luisa_Mendonca,1,2,-1
615,Maria_Soledad_Alvear_Valenzuela,1,5,-1
616,Maria_Soledad_Alvear_Valenzuela,2,3,-1
617,Mariana_Pollack,1,2,-1
618,Marie-Reine_Le_Gougne,1,2,-1
619,Marilyn_Monroe,1,2,-1
620,Marina_Anissina,1,2,-1
621,Mark_Geragos,1,2,-1
622,Mark_Gottfried,1,2,-1
623,Mark_Hamister,1,2,-1
624,Mark_Hurlbert,2,5,-1
625,Mark_Schweiker,1,2,-1
626,Mark_Warner,1,2,-1
627,Martha_Beatriz_Roque,1,2,-1
628,Martha_Bowen,1,2,-1
629,Martha_Lucia_Ramirez,2,3,-1
630,Martin_Brodeur,1,2,-1
631,Martin_Hoellwarth,1,2,-1
632,Martin_McCauley,1,2,-1
633,Martin_Scorsese,2,6,-1
634,Martin_Scorsese,3,6,-1
635,Martin_Scorsese,4,5,-1
636,Martina_Hingis,1,3,-1
637,Martina_McBride,2,4,-1
638,Martina_McBride,3,4,-1
639,Marty_Mornhinweg,2,3,-1
640,Mary-Kate_Olsen,1,2,-1
641,Mary_Steenburgen,2,3,-1
642,Masahiko_Nagasawa,1,2,-1
643,Mathias_Reichhold,1,3,-1
644,Matt_Damon,1,4,-1
645,Matt_Damon,2,4,-1
646,Matt_Damon,3,4,-1
647,Matthew_Perry,3,5,-1
648,Matthew_Perry,3,6,-1
649,Matthew_Perry,6,7,-1
650,Maureen_Fanning,1,2,-1
651,Mel_Brooks,1,2,-1
652,Mel_Gibson,1,2,-1
653,Mesut_Yilmaz,1,2,-1
654,Mian_Khursheed_Mehmood_Kasuri,2,3,-1
655,Michael_Ballack,1,3,-1
656,Michael_Ballack,2,3,-1
657,Michael_Bloomberg,1,16,-1
658,Michael_Caine,1,4,-1
659,Michael_Caine,2,4,-1
660,Michael_Chiklis,2,4,-1
661,Michael_Douglas,3,5,-1
662,Michael_Jordan,1,3,-1
663,Michael_Jordan,1,4,-1
664,Michael_Kostelnik,1,2,-1
665,Michael_Moore,1,3,-1
666,Michael_Patrick_King,1,2,-1
667,Michael_Powell,2,4,-1
668,Michael_Winterbottom,1,3,-1
669,Michael_Winterbottom,2,3,-1
670,Mick_Jagger,2,4,-1
671,Miguel_Estrada,1,2,-1
672,Mike_Babcock,1,2,-1
673,Mike_Krzyzewski,2,4,-1
674,Mike_Martz,3,5,-1
675,Mike_Martz,4,5,-1
676,Mike_Miller,1,2,-1
677,Mike_Myers,5,7,-1
678,Mike_Scioscia,1,2,-1
679,Mike_Tyson,1,3,-1
680,Mikhail_Kasyanov,1,2,-1
681,Mikhail_Wehbe,1,4,-1
682,Milo_Djukanovic,1,3,-1
683,Milo_Maestrecampo,1,2,-1
684,Milo_Maestrecampo,1,3,-1
685,Milo_Maestrecampo,2,3,-1
686,Miroljub,1,2,-1
687,Miyako_Miyazaki,1,2,-1
688,Mohamed_Benaissa,1,2,-1
689,Mohammed_Al-Douri,2,5,-1
690,Monica_Bellucci,1,3,-1
691,Monica_Seles,2,3,-1
692,Monica_Seles,4,6,-1
693,Monique_Garbrecht-Enfeldt,1,3,-1
694,Monique_Garbrecht-Enfeldt,2,3,-1
695,Morgan_Freeman,1,2,-1
696,Moshe_Katsav,1,4,-1
697,Moshe_Katsav,2,3,-1
698,Moshe_Katsav,2,4,-1
699,Muhammad_Saeed_al-Sahhaf,1,5,-1
700,Muhammad_Saeed_al-Sahhaf,3,4,-1
701,Muhammad_Saeed_al-Sahhaf,4,5,-1
702,Mukesh_Ambani,1,3,-1
703,Munir_Akram,1,2,-1
704,Nabil_Shaath,1,3,-1
705,Nadia_Petrova,1,5,-1
706,Naji_Sabri,4,8,-1
707,Nancy_Demme,1,2,-1
708,Nancy_Reagan,1,2,-1
709,Nancy_Sinatra,1,2,-1
710,Nanni_Moretti,1,2,-1
711,Naomi_Watts,12,14,-1
712,Natasha_McElhone,2,3,-1
713,Nathalie_Baye,1,3,-1
714,Nathalie_Baye,2,4,-1
715,Nathan_Lane,1,2,-1
716,Nebojsa_Pavkovic,1,2,-1
717,Nia_Vardalos,3,4,-1
718,Nicholas_Tse,1,2,-1
719,Nick_Nolte,1,4,-1
720,Nicolas_Cage,1,2,-1
721,Nicolas_Escude,1,2,-1
722,Nicolas_Lapentti,1,2,-1
723,Noelle_Bush,2,4,-1
724,Norah_Jones,5,13,-1
725,Norman_Jewison,1,2,-1
726,Norodom_Sihanouk,1,2,-1
727,Norodom_Sihanouk,2,3,-1
728,Nursultan_Nazarbayev,1,2,-1
729,Oleksandr_Moroz,1,2,-1
730,Olesya_Bonabarenko,1,2,-1
731,Oswaldo_Paya,3,5,-1
732,Oxana_Fedorova,2,4,-1
733,Paradorn_Srichaphan,3,7,-1
734,Paradorn_Srichaphan,8,10,-1
735,Pascal_Lamy,1,2,-1
736,Pat_Cox,1,2,-1
737,Patricia_Clarkson,1,2,-1
738,Patricia_Clarkson,1,3,-1
739,Patricia_Heaton,1,2,-1
740,Patrick_Ewing,1,2,-1
741,Patrick_Roy,1,2,-1
742,Patrick_Stewart,1,2,-1
743,Paul_Coppin,1,2,-1
744,Paul_McCartney,4,6,-1
745,Paul_McNulty,1,2,-1
746,Paul_ONeill,8,9,-1
747,Paul_Pierce,1,2,-1
748,Paul_Tagliabue,1,3,-1
749,Paul_Tagliabue,2,3,-1
750,Paul_Tagliabue,2,4,-1
751,Paul_Wolfowitz,2,10,-1
752,Paul_Wolfowitz,3,7,-1
753,Paul_Wolfowitz,3,8,-1
754,Paul_Wolfowitz,5,6,-1
755,Paula_Radcliffe,4,5,-1
756,Penelope_Ann_Miller,1,2,-1
757,Pete_Carroll,1,2,-1
758,Pete_Carroll,2,3,-1
759,Pete_Sampras,3,18,-1
760,Peter_Arnett,2,3,-1
761,Peter_Bacanovic,1,2,-1
762,Peter_Hillary,1,2,-1
763,Peter_Struck,1,3,-1
764,Peter_Struck,1,5,-1
765,Petria_Thomas,1,2,-1
766,Philippe_Noiret,1,2,-1
767,Prince_Charles,2,4,-1
768,Prince_Claus,1,3,-1
769,Prince_Edward,1,2,-1
770,Prince_Harry,1,2,-1
771,Prince_Naruhito,2,3,-1
772,Prince_William,1,2,-1
773,Princess_Anne,1,2,-1
774,Princess_Caroline,1,4,-1
775,Princess_Elisabeth,1,2,-1
776,Princess_Masako,1,2,-1
777,Priscilla_Owen,1,2,-1
778,Pupi_Avati,2,3,-1
779,Queen_Beatrix,1,4,-1
780,Queen_Beatrix,2,3,-1
781,Queen_Elizabeth_II,4,11,-1
782,Queen_Elizabeth_II,5,13,-1
783,Queen_Elizabeth_II,6,7,-1
784,Queen_Elizabeth_II,6,11,-1
785,Queen_Latifah,1,3,-1
786,Rainer_Schuettler,1,4,-1
787,Rainer_Schuettler,3,4,-1
788,Ralph_Lauren,1,2,-1
789,Ranil_Wickremasinghe,2,3,-1
790,Raoul_Ruiz,1,4,-1
791,Raoul_Ruiz,3,4,-1
792,Raquel_Welch,1,2,-1
793,Ray_Allen,1,2,-1
794,Ray_Allen,2,3,-1
795,Raymond_Odierno,1,2,-1
796,Rebekah_Chantay_Revels,2,4,-1
797,Rebekah_Chantay_Revels,3,4,-1
798,Recep_Tayyip_Erdogan,2,4,-1
799,Recep_Tayyip_Erdogan,2,8,-1
800,Recep_Tayyip_Erdogan,14,29,-1
801,Reggie_Miller,1,2,-1
802,Ricardo_Lagos,1,3,-1
803,Ricardo_Lagos,2,23,-1
804,Ricardo_Lagos,9,22,-1
805,Ricardo_Lagos,17,18,-1
806,Ricardo_Monasterio,1,2,-1
807,Ricardo_Sanchez,3,4,-1
808,Richard_Branson,1,2,-1
809,Richard_Gephardt,1,3,-1
810,Richard_Gephardt,2,6,-1
811,Richard_Haass,1,2,-1
812,Richard_Krajicek,2,3,-1
813,Richard_Myers,3,4,-1
814,Richard_Myers,3,14,-1
815,Richard_Virenque,3,4,-1
816,Rick_Barnes,1,2,-1
817,Rick_Barnes,1,3,-1
818,Rick_Santorum,2,3,-1
819,Rick_Stansbury,1,2,-1
820,Ricky_Martin,1,2,-1
821,Rio_Ferdinand,1,2,-1
822,Rob_Lowe,1,3,-1
823,Rob_Lowe,2,3,-1
824,Rob_Lowe,3,4,-1
825,Rob_Marshall,4,6,-1
826,Robbie_Williams,1,3,-1
827,Robert_Blackwill,1,2,-1
828,Robert_Bullock,1,2,-1
829,Robert_De_Niro,1,2,-1
830,Robert_De_Niro,1,6,-1
831,Robert_De_Niro,5,6,-1
832,Robert_Duvall,1,7,-1
833,Robert_Duvall,3,6,-1
834,Robert_Ehrlich,1,2,-1
835,Robert_Fico,1,2,-1
836,Robert_Kocharian,3,4,-1
837,Robert_Mugabe,1,2,-1
838,Robert_Stack,1,2,-1
839,Robert_Witt,1,2,-1
840,Robert_Zoellick,2,6,-1
841,Roberto_Benigni,1,2,-1
842,Roberto_Carlos,1,2,-1
843,Robinson_Stevenin,1,2,-1
844,Roger_Federer,4,8,-1
845,Roger_Federer,4,12,-1
846,Roger_Moore,3,5,-1
847,Rogerio_Romero,1,2,-1
848,Roh_Moo-hyun,1,31,-1
849,Roh_Moo-hyun,7,15,-1
850,Roman_Polanski,2,5,-1
851,Roseanne_Barr,1,2,-1
852,Roseanne_Barr,1,3,-1
853,Ruben_Studdard,1,2,-1
854,Rubens_Barrichello,1,9,-1
855,Rubens_Barrichello,2,6,-1
856,Rubens_Barrichello,5,10,-1
857,Rudolph_Giuliani,6,17,-1
858,Ruth_Dreifuss,1,2,-1
859,Ruth_Harlow,1,2,-1
860,Saburo_Kawabuchi,1,2,-1
861,Sachiko_Yamada,1,4,-1
862,Sachiko_Yamada,2,3,-1
863,Sachiko_Yamada,2,4,-1
864,Sachiko_Yamada,3,4,-1
865,Sadie_Frost,2,3,-1
866,Saeb_Erekat,1,2,-1
867,Sally_Ride,1,2,-1
868,Sam_Bith,1,2,-1
869,Sam_Torrance,2,3,-1
870,Samira_Makhmalbaf,1,2,-1
871,Sammy_Sosa,1,2,-1
872,Sandra_Bullock,1,4,-1
873,Sandra_Bullock,2,4,-1
874,Sandra_Bullock,3,4,-1
875,Sarah_Hughes,1,2,-1
876,Sarah_Hughes,1,6,-1
877,Sarah_Michelle_Gellar,2,3,-1
878,Scott_Peterson,1,3,-1
879,Scott_Peterson,4,5,-1
880,Scott_Wolf,1,2,-1
881,Sean_Hayes,1,2,-1
882,Sebastien_Grosjean,1,3,-1
883,Sebastien_Grosjean,2,4,-1
884,Sepp_Blatter,1,2,-1
885,Sepp_Blatter,3,4,-1
886,Serena_Williams,17,52,-1
887,Sergei_Ivanov,1,5,-1
888,Sergio_Garcia,1,2,-1
889,Sergio_Vieira_De_Mello,5,6,-1
890,Shane_Warne,1,2,-1
891,Sharon_Davis,1,2,-1
892,Sharon_Frey,1,2,-1
893,Sheila_Copps,1,3,-1
894,Sheila_Fraser,1,2,-1
895,Sheryl_Crow,3,8,-1
896,Shia_LaBeouf,1,2,-1
897,Shimon_Peres,2,6,-1
898,Sila_Calderon,1,3,-1
899,Silvan_Shalom,1,6,-1
900,Silvia_Farina_Elia,1,2,-1
901,Silvia_Farina_Elia,1,3,-1
902,Slobodan_Milosevic,2,3,-1
903,Sonia_Gandhi,1,3,-1
904,Sonia_Gandhi,2,3,-1
905,Stacy_Dragila,1,2,-1
906,Stephen_Daldry,1,2,-1
907,Stephen_Friedman,1,2,-1
908,Steve_Ballmer,1,2,-1
909,Steve_Ballmer,2,3,-1
910,Steve_Mariucci,1,2,-1
911,Steve_Mariucci,2,3,-1
912,Steve_Nash,2,4,-1
913,Steve_Spurrier,1,2,-1
914,Steve_Waugh,1,2,-1
915,Steven_Spielberg,1,6,-1
916,Stockard_Channing,1,3,-1
917,Susan_Sarandon,2,3,-1
918,Susan_Sarandon,2,6,-1
919,Susan_Sarandon,4,6,-1
920,Susilo_Bambang_Yudhoyono,1,2,-1
921,Sylvester_Stallone,1,5,-1
922,Takashi_Sorimachi,1,2,-1
923,Ted_Maher,1,2,-1
924,Terje_Roed-Larsen,1,2,-1
925,Terry_Stotts,1,2,-1
926,Theresa_May,1,3,-1
927,Thierry_Falise,1,3,-1
928,Thomas_Birmingham,1,2,-1
929,Thomas_Bjorn,1,2,-1
930,Thomas_Malchow,1,2,-1
931,Tiger_Woods,1,3,-1
932,Tiger_Woods,7,17,-1
933,Tiger_Woods,7,19,-1
934,Tiger_Woods,19,20,-1
935,Tim_Conway,1,2,-1
936,Tim_Duncan,3,4,-1
937,Tim_Henman,2,18,-1
938,Tim_Henman,10,16,-1
939,Tim_Henman,15,19,-1
940,Tim_Robbins,2,3,-1
941,Tom_Craddick,2,3,-1
942,Tom_Craddick,3,4,-1
943,Tom_Crean,4,5,-1
944,Tom_Daschle,18,21,-1
945,Tom_Hanks,1,2,-1
946,Tom_Hanks,3,10,-1
947,Tom_Hanks,6,10,-1
948,Tom_Harkin,1,4,-1
949,Tom_Harkin,3,4,-1
950,Tom_Harkin,3,5,-1
951,Tom_Reilly,1,2,-1
952,Tom_Reilly,1,3,-1
953,Tom_Ridge,2,18,-1
954,Tom_Ridge,3,22,-1
955,Tom_Ridge,10,15,-1
956,Tommy_Robredo,1,2,-1
957,Tommy_Robredo,1,3,-1
958,Tommy_Robredo,2,3,-1
959,Tony_Bennett,1,3,-1
960,Tony_Blair,6,94,-1
961,Torri_Edwards,1,2,-1
962,Tracy_McGrady,1,2,-1
963,Trent_Lott,3,8,-1
964,Tubby_Smith,2,3,-1
965,Tyra_Banks,1,2,-1
966,Tyron_Garner,1,2,-1
967,Uma_Thurman,1,2,-1
968,Valdas_Adamkus,1,2,-1
969,Valentino_Rossi,4,5,-1
970,Vanessa_Incontrada,3,4,-1
971,Venus_Williams,6,15,-1
972,Venus_Williams,8,9,-1
973,Vicki_Zhao_Wei,1,2,-1
974,Victoria_Clarke,2,5,-1
975,Victoria_Clarke,3,5,-1
976,Vidar_Helgesen,1,2,-1
977,Vin_Diesel,1,2,-1
978,Vince_Carter,1,2,-1
979,Vincent_Gallo,1,3,-1
980,Vivica_Fox,1,2,-1
981,Vladimir_Putin,1,22,-1
982,Vladimir_Voltchkov,1,2,-1
983,Vojislav_Kostunica,3,7,-1
984,Walter_Mondale,1,4,-1
985,Wayne_Gretzky,2,3,-1
986,William_Bratton,1,2,-1
987,William_Bratton,1,3,-1
988,William_Bratton,2,3,-1
989,William_Bulger,1,2,-1
990,William_Bulger,2,3,-1
991,William_Bulger,2,4,-1
992,William_Donaldson,3,7,-1
993,William_Ford_Jr,1,3,-1
994,William_Ford_Jr,2,3,-1
995,William_Ford_Jr,3,4,-1
996,William_Hochul,1,2,-1
997,Win_Aung,1,3,-1
998,Win_Aung,1,4,-1
999,Wolfgang_Schuessel,1,3,-1
1000,Wu_Yi,1,3,-1
1001,Xanana_Gusmao,2,4,-1
1002,Xavier_Malisse,2,3,-1
1003,Xavier_Malisse,2,4,-1
1004,Yann_Martel,1,2,-1
1005,Yao_Ming,1,4,-1
1006,Yao_Ming,4,6,-1
1007,Yasar_Yakis,1,3,-1
1008,Yasar_Yakis,3,4,-1
1009,Yashwant_Sinha,2,3,-1
1010,Yashwant_Sinha,2,6,-1
1011,Yoko_Ono,1,2,-1
1012,Yoko_Ono,1,4,-1
1013,Yossi_Beilin,1,2,-1
1014,Yu_Shyi-kun,3,4,-1
1015,Yuri_Fedotov,1,2,-1
1016,Yuri_Malenchenko,1,2,-1
1017,Zhang_Wenkang,1,2,-1
1018,Zhu_Rongji,1,9,-1
1019,Zhu_Rongji,4,7,-1
1020,Zhu_Rongji,4,8,-1
1021,Zhu_Rongji,5,6,-1
1022,Zinedine_Zidane,2,4,-1
1023,AJ_Cook,1,Marsha_Thomason,1
1024,Abdoulaye_Wade,4,Linda_Dano,1
1025,Abdul_Rahman,1,Magui_Serna,1
1026,Abdullah_Nasseef,1,Hipolito_Mejia,3
1027,Abner_Martinez,1,Aidan_Quinn,1
1028,Abner_Martinez,1,Andre_Techine,1
1029,Aby_Har-Even,1,Ricardo_Lopez_Murphy,2
1030,Adisai_Bodharamik,1,Jesper_Parnevik,1
1031,Adisai_Bodharamik,1,Mel_Brooks,2
1032,Adolfo_Rodriguez_Saa,1,Catherine_Deneuve,2
1033,Adrian_Nastase,2,Ham_Pong-sil,1
1034,Afton_Smith,1,Marcos_Cafu,1
1035,Afton_Smith,1,Mario_Lobo_Zagallo,1
1036,Ahmed_Ahmed,1,David_Canary,1
1037,Ahmed_Ibrahim_Bilal,1,Audrey_Lacroix,1
1038,Ahmed_Ibrahim_Bilal,1,Eric_Christian_Olsen,1
1039,Ahmed_Ibrahim_Bilal,1,Paul_Wilson,1
1040,Ahmed_Ibrahim_Bilal,1,Rolf_Zimmermann,1
1041,Ahmed_Lopez,1,Ray_Morrough,1
1042,Ahmet_Demir,1,Karen_Lynn_Gorney,1
1043,Ainsworth_Dyer,1,Mary_Sue_Coleman,1
1044,Aishwarya_Rai,1,Lorne_Michaels,1
1045,Aiysha_Smith,1,Elijan_Ingram,1
1046,Akbar_Al_Baker,1,Louisa_Baileche,1
1047,Akmal_Taher,1,Deena_Burnett,1
1048,Alain_Ducasse,1,Flavia_Delaroli,1
1049,Alan_Jackson,1,Geoff_Dixon,1
1050,Alan_Jackson,1,Peter_Albertsen,1
1051,Alan_Trammell,1,Lin_Yung_Hsi,1
1052,Albert_Brooks,1,Alexander_Downer,1
1053,Albert_Brooks,1,Jim_Hendry,1
1054,Alberto_Acosta,1,Manuel_Rosendo,1
1055,Alberto_Gonzales,1,Li_Changchun,1
1056,Alberto_Gonzales,1,Tina_Pisnik,1
1057,Aldo_Paredes,1,Azmi_Bishara,1
1058,Alejandro_Lembo,1,Azmi_Bishara,1
1059,Alejandro_Lopez,1,Urmila_Matondkar,1
1060,Alex_Holmes,1,Muhammad_Ibrahim_Bilal,1
1061,Alex_King,1,Dennis_Erickson,1
1062,Alex_King,1,Lynne_Thigpen,1
1063,Alex_Wallau,1,Richard_Krajicek,1
1064,Alexa_Loren,1,MC_Hammer,1
1065,Alexander_Lukashenko,1,Richard_Haass,1
1066,Alexander_Payne,1,Patrice_Chereau,1
1067,Alexandre_Vinokourov,1,Bill_Rainer,1
1068,Alfonso_Cuaron,1,Marcos_Milinkovic,1
1069,Alfredo_Moreno,1,Dwayne_Wade,1
1070,Alfredo_Moreno,1,Shane_Reynolds,1
1071,Alfredo_di_Stefano,1,Robert_Pollack,1
1072,Ali_Bin_Hussein,1,Jean-Luc_Bideau,1
1073,Ali_Hammoud,1,Geoffrey_Rush,1
1074,Alina_Kabaeva,1,Amanda_Plumer,1
1075,Allan_Houston,1,Marwan_Muasher,1
1076,Allen_Iverson,1,Steven_Spielberg,7
1077,Ally_Sheedy,1,Arsinee_Khanjian,1
1078,Ally_Sheedy,1,Pedro_Velasquez,1
1079,Aly_Wagner,1,John_Perrota,1
1080,Amanda_Coetzer,2,Rhett_Warrener,1
1081,Amanda_Plumer,1,Jean_Brumley,1
1082,Amy_Cotton,1,Curt_Weldon,1
1083,Amy_Redford,1,Guillaume_Depardieu,1
1084,Amy_Smart,1,Cole_Chapman,1
1085,Anastasia_Kelesidou,1,Maribel_Dominguez,1
1086,Andrea_Bocelli,1,Glenn_Plummer,1
1087,Andrea_Yates,1,Andy_Wisecarver,1
1088,Andrea_Yates,1,Mike_Myers,4
1089,Andrei_Nikolishin,1,Jessica_Lynch,1
1090,Andres_Manuel_Lopez_Obrador,1,John_Jumper,1
1091,Andres_Pastrana,1,Juan_Antonio_Samaranch,1
1092,Andrew_Bernard,1,Colin_Farrell,6
1093,Andrew_Bunner,1,David_Obey,1
1094,Andrew_Cuomo,1,Hamad_Bin_Jassim,1
1095,Andrew_Cuomo,2,Jean-Rene_Fourtou,1
1096,Andrew_Fastow,1,Suzie_McConnell_Serio,1
1097,Andrew_Gilligan,1,Hashim_Thaci,2
1098,Andrew_Jarecki,1,Emily_Mortimer,1
1099,Andrew_Jarecki,1,Mike_Myers,3
1100,Andy_Dick,1,Linda_Lingle,1
1101,Andy_Madikians,1,Solomon_Passy,1
1102,Andy_Rooney,1,Mike_Krzyzewski,2
1103,Andy_Wisecarver,1,Peggy_McGuinness,1
1104,Anette_Hosoi,1,Dan_Dickau,1
1105,Angel_Maza,1,Juliette_Lewis,1
1106,Angela_Merkel,1,John_Edwards,6
1107,Angelica_Romero,1,Hama_Arba_Diallo,1
1108,Angelo_Genova,1,Denise_Locke,1
1109,Anjum_Hussain,1,Vaclav_Klaus,1
1110,Ann_Morgan,1,Garry_Kasparov,2
1111,Anna_Jones,1,Colleen_Atwood,1
1112,Anne_Cavers,1,Morgan_Freeman,1
1113,Anne_Cavers,1,Sophie,1
1114,Anne_Heche,1,Kenneth_Dam,1
1115,Anne_ONeil,1,Rohinton_Mistry,1
1116,Anneli_Jaatteenmaki,2,Ron_Dittemore,5
1117,Anthony_Mazur,1,Ben_Wallace,1
1118,Anthony_Mazur,1,Jose_Santos,1
1119,Anthony_Mazur,1,Kim_Hong-up,1
1120,Anthony_Pisciotti,1,Stephane_Rousseau,1
1121,Anthony_Rackauckas,1,Jessica_Brungo,1
1122,Anthony_Rackauckas,1,Samantha_Daniels,1
1123,Anthony_Scott_Miller,1,Doc_Rivers,1
1124,Anthony_Scott_Miller,1,Helen_Clark,2
1125,Antwun_Echols,1,Henry_Hyde,1
1126,Anwar_Ibrahim,1,Chung_Mong-hun,2
1127,Anwar_Ibrahim,1,Santiago_Botero,1
1128,Anzori_Kikalishvili,1,Milan_Kucan,1
1129,Aram_Adler,1,Stanley_Nelson,1
1130,Ari_Fleischer,1,Janet_Leigh,1
1131,Arnie_Boehm,1,Natasa_Micic,1
1132,Arnold_Palmer,2,Marc_Gold,1
1133,Art_Hoffmann,2,Timothy_Coughlin,1
1134,Arthur_Martinez,1,Brad_Wilk,1
1135,Artieas_Shanks,1,Hrithik_Roshan,1
1136,Arye_Mekel,1,Jaouad_Gharib,1
1137,Ashanti,4,Tom_Lantos,1
1138,Ashraf_Ghani,1,Max_von_Sydow,1
1139,Ashton_Kutcher,3,Julio_Toro,1
1140,Asif_Hanif,1,John_Connolly,1
1141,Atal_Bihari_Vajpayee,24,Sarah_Price,1
1142,Atsushi_Sato,1,Zinedine_Zidane,5
1143,Azmi_Bishara,1,Ludivine_Sagnier,3
1144,BB_King,1,Benjamin_Martinez,1
1145,BJ_Habibie,1,Daniel_Chin,1
1146,Baburam_Bhattari,1,Carlos_Fasciolo,1
1147,Barbara_Bodine,1,Dora_Bakoyianni,1
1148,Barbara_Boxer,1,Carin_Koch,1
1149,Barbara_Walters,2,Martin_Scorsese,2
1150,Barrett_Jackman,1,Maureen_Kanka,1
1151,Barry_Bonds,1,Michael_Rolinee,1
1152,Barry_Collier,1,Rainer_Schuettler,1
1153,Barry_Ford,1,Michael_Bloomberg,18
1154,Barry_Hinson,1,John_Cusack,1
1155,Barry_Hinson,1,Prince_Naruhito,3
1156,Bart_Hendricks,1,David_Beckham,8
1157,Bart_Hendricks,1,Des_Brown,1
1158,Basdeo_Panday,1,Maggie_Smith,1
1159,Beatriz_Merino,1,Mikhail_Kalashnikov,1
1160,Ben_Braun,1,Dionyssis_Georgiadis,1
1161,Ben_Braun,1,Sereyvuth_Kem,1
1162,Ben_Chandler,1,Ralph_Firman,2
1163,Ben_Chandler,1,Russell_Simmons,3
1164,Ben_Howland,1,Filippo_Volandri,1
1165,Ben_Howland,2,Conan_OBrien,1
1166,Ben_Kingsley,1,Rob_Marshall,5
1167,Ben_Kingsley,1,Tom_Lantos,1
1168,Ben_Lee,1,Mike_Holmgren,1
1169,Benedita_da_Silva,1,Robert_Weitzel,1
1170,Benedita_da_Silva,1,Yao_Ming,6
1171,Benjamin_Bratt,1,Mark_Geragos,1
1172,Benjamin_Martinez,1,Michael_Leavitt,1
1173,Bernard_Giraudeau,1,Eve_Ensler,1
1174,Bernard_Giraudeau,1,Marsha_Sharp,1
1175,Bernard_Landry,1,Marc_Shaiman,1
1176,Bernard_Law,3,Qian_Qichen,1
1177,Bernard_Lord,2,Cheryl_Tiegs,1
1178,Bernardo_Segura,2,Mike_Bair,1
1179,Bernardo_Segura,2,Park_Jung_Sung,1
1180,Bernardo_Segura,2,Ray_Romano,9
1181,Bettina_Rheims,1,Stephen_Covey,1
1182,Betty_Garrison,1,Rudy_Tomjanovich,1
1183,Bijan_Namdar_Zangeneh,2,Inam-ul-Haq,1
1184,Bill_Belichick,1,Guillermo_Coria,25
1185,Bill_Bradley,1,Santiago_Botero,1
1186,Bill_Callahan,2,Richard_Tubb,1
1187,Bill_Duffey,1,Catriona_Le_May_Doan,1
1188,Bill_Kong,1,Herta_Daeubler-Gmelin,2
1189,Bill_Lerach,1,Lucio_Angulo,1
1190,Bill_Nelson,2,Buck_Rodgers,1
1191,Bill_Nelson,2,Roberto_Tovar,1
1192,Bill_OReilly,1,Kathryn_Bigelow,1
1193,Bill_Parcells,2,Jong_Wook_Lee,4
1194,Bill_Pryor,1,Wes_Craven,1
1195,Bill_Rainer,1,David_Ballantyne,1
1196,Bill_Rainer,1,Patricia_Clarkson,4
1197,Bill_Readdy,1,Kirk_Doerger,1
1198,Bill_Richardson,1,Roger_Grimes,1
1199,Bill_Stein,1,Chip_Burrus,1
1200,Bill_Walton,1,Gary_Marshall,1
1201,Billy_Bob_Thornton,1,Oscar_DLeon,1
1202,Billy_Crystal,4,Shafal_Mosed,1
1203,Billy_Graham,2,Jean_Nagel,1
1204,Billy_Joel,1,Edwina_Currie,3
1205,Billy_Joel,1,Lloyd_Richards,1
1206,Binyamin_Ben-Eliezer,6,Vicki_Zhao_Wei,1
1207,Bison_Dele,1,John_Stockton,4
1208,Blythe_Hartley,2,Masahiko_Nagasawa,1
1209,Bob_Alper,1,Chris_Reitsma,1
1210,Bob_Alper,1,Tony_Curtis,2
1211,Bob_Beauprez,1,Patsy_Mink,1
1212,Bob_Bowlsby,1,Tyler_Grillo,1
1213,Bob_Curtis,1,Hans_Blix,27
1214,Bob_Ferguson,1,Jean-Francois_Pontal,1
1215,Bob_Geldof,1,John_Spencer,2
1216,Bob_Graham,6,Mary_Tyler_Moore,2
1217,Bob_Krueger,1,Carlos_Alberto_Parreira,1
1218,Bob_Melvin,1,Eileen_Coparropa,2
1219,Bob_Stoops,2,David_Siegel,1
1220,Bob_Stoops,4,Yoelbi_Quesada,1
1221,Bob_Wright,1,Eriko_Tamura,1
1222,Bob_Wright,1,Margaret_Thatcher,1
1223,Bobby_Kielty,1,Keith_Rodriguez,1
1224,Bobby_Kielty,1,Mark_Salter,1
1225,Boris_Becker,2,Jason_Gardner,1
1226,Boris_Berezovsky,1,David_Nalbandian,13
1227,Boris_Henry,1,Richard_Branson,2
1228,Boris_Henry,1,Venus_Williams,4
1229,Brad_Brownell,1,Cindy_Moll,1
1230,Brad_Gushue,1,Patricia_Wartusch,1
1231,Brad_Johnson,3,Diana_Munz,2
1232,Brandon_Hammond,1,Kurt_Thomas,1
1233,Brandon_Inge,1,Jose_Lopez_Beltran,1
1234,Brandon_Inge,1,Mike_Szymanczyk,1
1235,Brendan_Hansen,1,Jim_Wong,1
1236,Brendan_Stai,1,Justin_Marshall,1
1237,Brennon_Leighton,1,Terry_Gilliam,1
1238,Brent_Coles,1,Francois_Botha,1
1239,Brett_Hull,1,Geoffrey_Rush,1
1240,Brian_Grazier,1,Huang_Suey-Sheng,1
1241,Brian_Grazier,1,Nate_Huffman,1
1242,Brian_Grazier,1,Robbie_Williams,1
1243,Brian_Gregory,1,Jimmy_Lee,1
1244,Brian_Mulroney,2,Yogi_Berra,1
1245,Brian_Pavlich,1,Marc-Andre_Fleury,2
1246,Brian_Pavlich,1,Scott_Sullivan,1
1247,Brian_Schneider,1,Tex_Ritter,1
1248,Brian_Van_Dusen,1,Sergio_Garcia,1
1249,Brittany_Snow,1,Jim_Bunning,1
1250,Brook_Robinson,1,Paul_Farley,1
1251,Brook_Robinson,1,Wan_Yanhai,1
1252,Brooke_Gordon,1,Hushiar_Zebari,1
1253,Brooke_Gordon,1,Lucia_Kenny_Anthony,1
1254,Bruce_Arena,1,Robert_Wiener,1
1255,Bruce_Springsteen,2,Shamai_Leibowitz,1
1256,Bruce_Van_De_Velde,1,Greg_Owen,1
1257,Bruno_Junquiera,1,Edgar_Savisaar,1
1258,Bryant_Young,1,Lisa_Stone,1
1259,Buck_Rodgers,1,Paul_ONeill,9
1260,Budd_Schulberg,1,Michelle_Lecky,1
1261,Bulent_Ecevit,1,Lee_Yuan-tseh,1
1262,Buzz_Hargrove,1,Jonathan_Schroeder,1
1263,Buzz_Hargrove,1,Keith_Olbermann,1
1264,Buzz_Hargrove,1,Tom_Crean,5
1265,Cabas,1,John_Dallager,1
1266,Cabas,1,Nicole_Kidman,7
1267,Caio_Blat,1,Paula_Radcliffe,3
1268,Caio_Blat,1,Teresa_Worbis,1
1269,Cameron_Diaz,1,Daniela_Cicarelli,1
1270,Cameron_Diaz,1,Kim_Dae-jung,3
1271,Camryn_Manheim,1,Simona_Hradil,1
1272,Carla_Gay_Balingit,1,Fernando_Henrique_Cardoso,5
1273,Carla_Myers,2,John_Henry,1
1274,Carla_Sullivan,1,Monique_Garbrecht-Enfeldt,2
1275,Carlos_Barra,1,Princess_Aiko,1
1276,Carlos_Fasciolo,1,David_Bowie,1
1277,Carlos_Fasciolo,1,Lisa_Gottsegen,2
1278,Carlos_Paternina,1,Jeff_Feldman,1
1279,Carlos_Queiroz,1,Pa_Kou_Hang,1
1280,Carlos_Ruiz,1,Kelvin_Sampson,2
1281,Carlos_Ruiz,1,Lincoln_Chafee,1
1282,Carlos_Ruiz,1,Phil_Mickelson,2
1283,Carlos_Salinas,1,Shaun_Rusling,1
1284,Carlos_Savedra,1,Chris_Neil,1
1285,Carlos_Vives,1,Piers_Sellers,1
1286,Carly_Fiorina,2,Khalid_Qazi,1
1287,Carolina_Barco,1,Maha_Habib,1
1288,Carolina_Kluft,1,William_Bratton,2
1289,Carolina_Moraes,2,Hushiar_Zebari,1
1290,Cassandra_Heise,1,Michael_Kors,1
1291,Cate_Blanchett,3,Jeanette_Stauffer,1
1292,Cathryn_Crawford,1,Kathryn_Grayson,1
1293,Catriona_Le_May_Doan,1,Kieran_Culkin,1
1294,Catriona_Le_May_Doan,1,Paul_Henderson,1
1295,Cecilia_Bolocco,1,Yann_Martel,2
1296,Cecilia_Bolocco,2,Giulietta_Masina,1
1297,Cesar_Gaviria,4,Sasha_Alexander,1
1298,Chadha_Gurinder,1,George_Ryan,2
1299,Chakib_Khelil,1,Nathan_Doudney,1
1300,Chan_Choi,1,Helmut_Panke,1
1301,Chan_Choi,1,Jayson_Williams,3
1302,Charles_Bell,1,James_Carville,1
1303,Charles_Chandler_IV,1,Rainer_Geulen,1
1304,Charles_Lebois,1,Yingfan_Wang,1
1305,Charles_Lebois,1,Zeng_Qinghong,1
1306,Charles_Mathews,1,Judy_Genshaft,1
1307,Charles_Moose,9,Sheryl_Crow,4
1308,Charlotte_Casiraghi,1,Irina_Framtsova,1
1309,Charlotte_Casiraghi,1,Jan_Pronk,1
1310,Charlotte_Casiraghi,1,Paddy_Long,1
1311,Chelsea_Clinton,1,Mohamed_Seineldin,1
1312,Chen_Kaige,1,Manfred_Reyes_Villa,1
1313,Chen_Tsai-chin,1,Tim_Welsh,1
1314,Cheryl_Hines,1,Hal_Gehman,3
1315,Cheryl_James,1,Cristiano_da_Matta,1
1316,Cheryl_James,1,Humberto_Coelho,1
1317,Chip_Ganassi,1,Lenny_Kravitz,1
1318,Chip_Knight,1,Tracy_McGrady,2
1319,Chris_Columbus,1,Patricia_Garone,1
1320,Chris_Cooper,1,Jason_Statham,1
1321,Chris_Cornell,1,Gary_Marshall,1
1322,Chris_Crocker,1,Zafarullah_Khan_Jamali,1
1323,Chris_Moore,1,Marsha_Sharp,1
1324,Chris_Neil,1,Tom_Reilly,2
1325,Christian_Bale,1,Nancy_Greenlaw,1
1326,Christian_Lacroix,1,Tom_OBrien,1
1327,Christian_Lirette,1,Taku_Yamasaki,1
1328,Christian_Malcolm,1,Pat_Rochester,1
1329,Christina_Aguilera,4,Fred_Huff,1
1330,Christoph_Daum,1,Mitchell_Crooks,1
1331,Christopher_Amolsch,1,Jen_Schefft,1
1332,Christopher_Conyers,1,Yu_Shyi-kun,3
1333,Christopher_Matero,1,Dita_Von_Tesse,1
1334,Chuck_Finley,1,John_Wright,1
1335,Chuck_Hagel,1,Hu_Jintao,1
1336,Chuck_Yeager,2,Jacqueline_Obradors,1
1337,Chuck_Yeager,2,Robert_Ehrlich,2
1338,Chung_Mong-hun,1,Ronald_Perelman,1
1339,Cindy_Klassen,1,Jayson_Williams,3
1340,Cindy_Margolis,1,Rachel_Wadsworth,1
1341,Cindy_Moll,1,Gregorio_Rosal,1
1342,Cindy_Moll,1,Randy_Jackson,1
1343,Cindy_Zagorski,1,Farouk_al-Sharaa,2
1344,Ciro_Gomes,4,Edgar_Savisaar,1
1345,Ciro_Gomes,4,JT_Snow,1
1346,Clara_Harris,1,Ekke_Hard_Forberg,1
1347,Claude_Jorda,1,Darko_Milicic,1
1348,Claudia_Schiffer,3,Marco_Antonio_Barrera,2
1349,Claudine_Farrell,1,Dave_McNally,1
1350,Clemente_de_la_Vega,1,Keith_Brown,1
1351,Cliff_Ellis,1,Paul_Luvera,1
1352,Clifford_Robinson,1,Tom_Schnackenberg,1
1353,Clive_Lloyd,1,Fujio_Cho,5
1354,Clive_Woodward,1,Yasar_Yakis,3
1355,Cole_Chapman,1,Randy_Jackson,1
1356,Colin_Cowie,1,Francisco_Urenda,1
1357,Colin_Farrell,7,Rudolph_Holton,1
1358,Colin_Jackson,2,Keiko_Sofia_Fujimori,1
1359,Colin_Phillips,1,Lenny_Kravitz,1
1360,Colleen_Atwood,1,Luis_Fonsi,1
1361,Colleen_Donovan,1,Wen_Jiabao,9
1362,Columba_Bush,1,Paul_Walker,1
1363,Conan_OBrien,2,Crispin_Glover,1
1364,Coretta_Scott_King,1,Tom_Welch,1
1365,Costas_Simitis,1,Richard_Perle,1
1366,Courtney_Cox,1,Kathryn_Grayson,1
1367,Courtney_Cox,1,Taha_Yassin_Ramadan,9
1368,Craig_Doblin,1,Monte_Kiffin,1
1369,Craig_OClair,1,Eddie_Jordan,1
1370,Craig_Wilson,1,Warren_Granados,1
1371,Cristian_Barros,1,John_Lisowski,1
1372,Cristian_Barros,1,Miranda_Otto,1
1373,Cristian_Barros,1,Paul_William_Hurley,1
1374,Cristian_Barros,1,Saied_Hadi_al_Mudarissi,1
1375,Cristiano_da_Matta,1,Jason_Priestley,1
1376,Cuba_Gooding_Jr,1,Lee_Byung-woong,1
1377,Curtis_Rodriguez,1,Gary_Sinise,1
1378,Curtis_Rodriguez,1,Phil_Cline,1
1379,DAngelo_Jimenez,1,Wendy_Kennedy,1
1380,Daja_Bedanova,1,Dean_Barker,1
1381,Dale_Bosworth,1,Tyrone_Medley,1
1382,Dale_Earnhardt,1,Demi_Moore,1
1383,Dale_Earnhardt,1,Roy_Halladay,1
1384,Damon_van_Dam,1,Maria_Shkolnikova,1
1385,Dan_Bartlett,1,Tim_Robbins,2
1386,Dan_Boyle,1,Pete_Gillen,1
1387,Dan_Boyle,1,Zarai_Toledo,2
1388,Dan_Duquette,1,Juliette_Binoche,1
1389,Dan_Guerrero,1,Walter_Mondale,5
1390,Dan_LaCoutre,1,Hernan_Diaz,1
1391,Dan_LaCoutre,1,Michael_Jasny,1
1392,Dan_Quayle,1,David_McKiernan,1
1393,Dan_Quayle,1,Edina_Batar,1
1394,Dana_Vollmer,1,Frank_Griswold,2
1395,Daniel_Bruehl,1,Geovani_Lapentti,1
1396,Daniel_Day-Lewis,3,Jaromir_Jagr,1
1397,Daniel_Rouse,1,Talisa_Bratt,1
1398,Daniel_Rouse,1,Tono_Suratman,1
1399,Danny_Ainge,1,Sanjay_Gupta,1
1400,Darla_Moore,1,Hugh_Carey,1
1401,Darrell_Issa,1,Martin_Torrijos,1
1402,Darren_Clarke,1,William_Swor,1
1403,Dave_Matthews,1,Derek_Lowe,1
1404,Dave_Matthews,1,Ruben_Studdard,1
1405,Dave_Matthews,1,Suzanne_Torrance,1
1406,Dave_McNally,1,John_Daly_Jr,1
1407,Dave_Tucker,1,Scott_Peterson,2
1408,Dave_Williams,1,Dick_Posthumus,1
1409,Dave_Williams,1,Lin_Yung_Hsi,1
1410,Dave_Williams,1,Robin_McLaurin_Williams,2
1411,David_Anderson,4,Stephanie_Moore,1
1412,David_Anderson,5,Sharess_Harrell,1
1413,David_Ballantyne,1,Job_Cohen,1
1414,David_Bowie,1,Gloria_Allred,1
1415,David_Dewhurst,1,Leah_Remini,1
1416,David_Dodge,2,Jerry_Tarkanian,1
1417,David_Duke,1,Micky_Arison,1
1418,David_Duke,1,Yoon_Won-Sik,1
1419,David_Gest,1,Hikmat_al-Azzawi,1
1420,David_Heymann,3,Richard_Sterner,1
1421,David_Hilt,1,Emma_Thompson,2
1422,David_Hilt,1,Shawn_Bradley,1
1423,David_Myers,2,Kenny_Brack,1
1424,David_Przybyszewski,1,John_McCain,6
1425,David_Sibleyk,1,Mikhail_Khodorkovsky,1
1426,David_Siegel,1,Timothy_Rigas,1
1427,David_Spade,1,Evander_Holyfield,1
1428,David_Suazo,1,Liliana_Cavani,1
1429,David_Suazo,1,Mesut_Yilmaz,1
1430,David_Wells,7,Stefaan_Declerk,1
1431,Dean_Barkley,4,Mohamed_Benaissa,2
1432,Deb_Santos,1,Rodney_Rempt,1
1433,Debbie_Reynolds,3,Kristin_Scott_Thomas,1
1434,Debra_Yang,1,Morgan_Fairchild,1
1435,Demetrius_Ferraciu,2,Mario_Austin,1
1436,Denis_Fassou-Nguesso,1,Luiz_Felipe_Scolari,2
1437,Denis_Fassou-Nguesso,1,Tim_Floyd,2
1438,Deniz_Baykal,1,Martin_Hoellwarth,1
1439,Dennis_Erickson,2,Tom_Craddick,1
1440,Dennis_Kucinich,6,Terry_Hoeppner,1
1441,Dennis_Oswald,1,Shamai_Leibowitz,1
1442,Dereck_Whittenburg,1,Miranda_Otto,1
1443,Derek_Bond,1,Stacy_Dragila,2
1444,Derrick_Rodgers,1,Evo_Morales,1
1445,Derrick_Rodgers,1,Young_Kim,1
1446,Diana_Krall,1,Mark_Salter,1
1447,Diana_Krall,3,Thomas_Wyman,2
1448,Diana_Munz,3,Geno_Auriemma,1
1449,Diana_Silvius,1,Robert_Pollack,1
1450,Diana_Taurasi,2,Steven_Seagal,2
1451,Dianne_Feinstein,1,Dolly_Parton,1
1452,Dick_Bennett,1,Mary-Kate_Olsen,3
1453,Dick_Bennett,1,Mike_Farrar,1
1454,Dick_Smothers,1,John_Cornyn,1
1455,Dick_Smothers,1,Lesley_Flood,1
1456,Didier_Defago,1,Rani_Mukherjee,1
1457,Diego_Armando_Maradona,1,Lee_Chang-dong,1
1458,Dimitar_Berbatov,1,Naomi_Bronstein,1
1459,Dinah_Turner,1,Gerald_Ford,1
1460,Dinah_Turner,1,Mary_Catherine_Correll,1
1461,Dita_Von_Tesse,1,Olesya_Bonabarenko,2
1462,Djabir_Said-Guerni,1,Marty_Mornhinweg,3
1463,Doc_Rivers,1,Malcolm_Glazer,1
1464,Dolly_Parton,1,Miguel_Juarez_Perez,1
1465,Don_Hewitt,1,Mike_Webster,1
1466,Donald_Hays,1,Jennifer_Gratz,1
1467,Donald_Hays,1,Marcio_de_Souza,1
1468,Donald_Hays,1,Roger_Moore,3
1469,Donna_Ralston,1,Lee_Nam-shin,1
1470,Donnie_Brennan,1,Javier_Solana,9
1471,Donnie_Brennan,1,Lesley_McCulloch,3
1472,Donny_Osmond,1,Emilio_Azcarraga_Jean,1
1473,Donny_Osmond,1,Heather_Locklear,1
1474,Doris_Roberts,2,Tommy_Lewis,1
1475,Dorothy_Lamour,1,Omar_Sharif,4
1476,Doug_Christie,1,Richard_Jefferson,1
1477,Doug_Wilson,1,Lee_Chang-dong,1
1478,Drew_Bledsoe,1,Jackie_Sherrill,1
1479,Duncan_Fletcher,1,Nikki_McKibbin,1
1480,Dustin_Brown,1,Wu_Yi,2
1481,Dyab_Abou_Jahjah,1,Tim_Curley,1
1482,Earl_Campbell,1,Marco_Antonio_Barrera,3
1483,Ed_Book,1,Mike_Alden,1
1484,Ed_Rendell,1,Larenz_Tate,1
1485,Ed_Smart,3,William_Shatner,1
1486,Ed_Smart,3,Zaini_Abdullah,1
1487,Eddie_Compass,1,Jean_Brumley,1
1488,Eddie_Fenech_Adami,1,Elodie_Bouchez,1
1489,Eddie_Lewis,1,Richard_Fine,1
1490,Eddie_Murray,1,Elva_Hsiao,1
1491,Edmund_Stoiber,5,Kenneth_Carlsen,1
1492,Eduard_Shevardnadze,4,Taoufik_Mathlouthi,1
1493,Eduardo_Chillida,1,Luther_Htu,1
1494,Eduardo_Romero,1,Jerry_Colangelo,1
1495,Edward_Burns,1,Lee_Ann_Womack,1
1496,Edward_Lohn,1,Shingo_Suetsugu,1
1497,Edward_Said,2,Gillian_Anderson,1
1498,Eglis_Yaima_Cruz,1,Namuddu_Florence,1
1499,Eglis_Yaima_Cruz,1,Steve_Spurrier,2
1500,Eileen_Coparropa,1,John_Warner,4
1501,Eileen_Coparropa,1,Sadie_Frost,3
1502,Eileen_Spina,1,Jason_Statham,1
1503,Ekke_Hard_Forberg,1,Kevin_Sorbo,1
1504,Elena_Bereznaya,1,Queen_Beatrix,3
1505,Eli_Stutsman,1,Gerald_Fitch,1
1506,Elijan_Ingram,1,Thomas_Wilkens,1
1507,Elijan_Ingram,1,Yang_Hee_Kim,1
1508,Elizabeth_Taylor,1,Nancy_Kerrigan,1
1509,Elizabeth_Taylor,1,Shimon_Peres,3
1510,Ellen_DeGeneres,1,Fernando_Sanz,1
1511,Ellen_DeGeneres,2,Kevin_Keegan,1
1512,Ellen_DeGeneres,2,Richard_Sambrook,2
1513,Ellen_Engleman,1,Hassanal_Bolkiah,1
1514,Elodie_Bouchez,1,Enrique_Oliu,1
1515,Elodie_Bouchez,1,Robert_Mugabe,2
1516,Elton_John,3,Jason_Jennings,2
1517,Elva_Hsiao,1,Michael_Deutsch,1
1518,Emanuel_Ginobili,1,Norm_Macdonald,1
1519,Emanuel_Ginobili,5,Ray_Halbritter,1
1520,Emile_Lahoud,2,Ricky_Martin,1
1521,Emily_Mortimer,1,Imelda_Marcos,1
1522,Emily_Robison,2,Penelope_Taylor,1
1523,Emmanuel_Milingo,1,Shane_Loux,1
1524,Emmanuelle_Jagodsinski,1,Zara_Akhmadova,1
1525,Emmit_Smith,1,Francisco_Santos,1
1526,Emmit_Smith,2,Namuddu_Florence,1
1527,Emmy_Rossum,1,Samantha_Ledster,1
1528,Enola_Rice,1,Jose_Theodore,1
1529,Enrique_Iglesias,1,Marion_Fahnestock,1
1530,Enrique_Medina_Gomez,1,William_Cocksedge,1
1531,Eric_Christian_Olsen,1,Lisa_Gottsegen,2
1532,Eric_Lloyd,1,Mark_Gottfried,3
1533,Eric_Robert_Rudolph,1,Gregg_Berhalter,1
1534,Eric_Robert_Rudolph,1,Philippe_Gagnon,1
1535,Eric_Taino,1,Igor_Ivanov,9
1536,Erika_Harold,4,Sepp_Blatter,1
1537,Erin_Brockovich,1,Takahiro_Mori,1
1538,Ernest_Hollings,1,Steve_Backley,1
1539,Ernie_Els,1,Octavio_Lara,1
1540,Ernie_Grunfeld,1,Steven_Kinlock,1
1541,Ernie_Harwell,1,Nora_Ephron,1
1542,Ernie_Preate,1,Farouk_al-Sharaa,1
1543,Ernie_Stewart,1,Mohammed_Mehdi_Saleh,1
1544,Erskine_Bowles,1,Joe_Lieberman,11
1545,Estella_Warren,1,Peter_Mugyeni,1
1546,Fabrice_Santoro,3,Jennifer_Lopez,9
1547,Faisal_Iqbal,1,Manfred_Stolpe,1
1548,Faisal_Saleh_Hayat,1,Keira_Knightley,2
1549,Farida_Ragoonanan,1,Lionel_Richie,2
1550,Federico_Castelan_Sayre,1,Roger_Federer,3
1551,Feliciano_Lopez,1,Lynne_Cheney,1
1552,Felix_Mantilla,1,Lord_Hutton,1
1553,Fernando_Alonso,1,Mahendra_Chaudhry,1
1554,Fernando_Hierro,1,Julio_Rossi,1
1555,Fernando_Hierro,1,Richard_Naughton,1
1556,Fernando_Sanz,1,Sonia_Gandhi,2
1557,Fernando_Sanz,1,Ted_Turner,1
1558,Fernando_Valenzuela,1,Mitt_Romney,1
1559,Fernando_Velardez,1,Nicolas_Cage,2
1560,Florencia_Kirchner,1,Marat_Safin,2
1561,Francis_George,1,Massoud_Barzani,1
1562,Francis_Mer,1,Perri_Shaw,1
1563,Francisco_Santos,1,Jan_Bjoerklund,1
1564,Franck_Cerutti,1,Katrin_Cartlidge,1
1565,Franck_Cerutti,1,Sheldon_Silver,1
1566,Frank_Coraci,1,Julius_Barnes,1
1567,Frank_Griswold,1,Martina_McBride,2
1568,Frank_Hilldrup,1,Nathalie_Baye,2
1569,Frank_Shea,1,Mercedes_Amor,1
1570,Franko_Simatovic,1,Jonathan_Karsh,1
1571,Fred_Eckhard,2,Tab_Turner,1
1572,Fred_Thompson,2,Zeng_Qinghong,1
1573,Freda_Black,1,Patricia_Clarkson,3
1574,Frederique_van_der_Wal,1,Scott_Wallach,1
1575,Fujio_Cho,1,Meles_Zenawi,1
1576,Fujio_Cho,4,Shaun_Pollock,1
1577,Gabi_Zimmer,1,John_Lisowski,1
1578,Gabriel_Hughes,1,Rod_Bryden,1
1579,Gael_Garcia_Bermal,1,Tyrone_Medley,1
1580,Garry_Alejano,1,Yasser_Arafat,8
1581,Gary_Bald,1,Jason_Sorens,1
1582,Gary_Barnett,1,Sophie,1
1583,Gary_Coleman,1,Michael_Powell,5
1584,Gary_Condit,1,Peter_Medgyessy,1
1585,Gary_Gitnick,1,Kong_Quan,1
1586,Gene_Hackman,1,Willis_Roberts,1
1587,Gennifer_Flowers,1,George_Bovell,1
1588,Gennifer_Flowers,1,Ralph_Lauren,2
1589,Geoffrey_Rush,1,Li_Changchun,1
1590,George_Allen,1,Pedro_Duque,1
1591,George_Gregan,1,James_Gandolfini,3
1592,George_HW_Bush,3,Kelly_Osbourne,1
1593,George_HW_Bush,9,John_Lisowski,1
1594,George_Pataki,2,Hideki_Matsui,2
1595,George_Ryan,4,Mitzi_Gaynor,1
1596,George_W_Bush,353,Pupi_Avati,1
1597,George_W_Bush,407,Rachel_Kempson,1
1598,Georgina_Bardach,1,Phil_Vassar,2
1599,Geraldo_Rivera,1,Jennifer_Aniston,13
1600,Gerard_Butler,1,Pascal_Rheaume,1
1601,Gerard_Depardieu,1,Harrison_Ford,7
1602,Gerardo_Gambala,2,Joey_Mantia,1
1603,Gerhard_Schmid,1,Noel_Niell,1
1604,Gerry_Parsky,2,Teresa_Heinz_Kerry,1
1605,Gian_Marco,2,Michael_Munoz,1
1606,Gianna_Angelopoulos-Daskalaki,1,Rita_Wilson,3
1607,Gilberto_Simoni,1,Raquel_Welch,2
1608,Gilberto_Simoni,1,Razali_Ismail,1
1609,Gilles_Panizzi,1,Martha_Lucia_Ramirez,4
1610,Gilles_Panizzi,1,Shafal_Mosed,1
1611,Gina_Torres,1,Qazi_Afzal,1
1612,Gisele_Bundchen,1,Suzanne_Gaudet,1
1613,Giulietta_Masina,1,Hunter_Kemper,1
1614,Giulietta_Masina,1,Saied_Hadi_al_Mudarissi,1
1615,Glenn_Plummer,1,Sandra_Banning,1
1616,Gloria_Macapagal_Arroyo,34,Takaloo,1
1617,Gloria_Trevi,1,Mickey_Rooney,1
1618,Gong_Ruina,1,Prince_Charles,5
1619,Gonzalo_Barrientos,1,Lionel_Hampton,1
1620,Goran_Persson,1,Vernon_Forrest,1
1621,Gordana_Grubin,1,Scott_Verplank,1
1622,Gordana_Grubin,1,Sylvester_Stallone,6
1623,Gordon_Cooper,1,Mark_Hamister,1
1624,Grady_Irvin_Jr,1,Mitchell_Crooks,1
1625,Grady_Little,1,Guido_Westerwelle,1
1626,Graeme_Smith,1,Silvia_Farina_Elia,2
1627,Graham_Bentley,1,Monica_Seles,4
1628,Greg_Rusedski,4,Yoko_Ono,4
1629,Gregg_Berhalter,1,Juan_Manuel_Marquez,1
1630,Gregg_Popovich,4,Mario_Lobo_Zagallo,1
1631,Gro_Harlem_Brundtland,2,Ted_Christopher,1
1632,Guennadi_Chipouline,1,Maurice_Strong,1
1633,Guido_Westerwelle,2,Tatiana_Paus,1
1634,Guillermo_Canas,4,John_Paul_II,10
1635,Gustavo_Terrazas,1,John_Starks,1
1636,Guus_Hiddink,1,Janet_Napolitano,3
1637,Guy_Hemmings,2,Ryan_Goodman,1
1638,Gwen_Stefani,1,Marcus_Garrettson,1
1639,Habib_Rizieq,1,Silvie_Cabero,1
1640,Habib_Rizieq,4,Zhong_Nanshan,1
1641,Hadley_Bilger,1,Jaime_Orti,1
1642,Hadley_Bilger,1,Kathleen_Glynn,1
1643,Hal_Sellers,1,Imad_Khadduri,1
1644,Hal_Sellers,1,Leuris_Pupo,1
1645,Halle_Berry,14,Mike_Holmgren,1
1646,Hamad_Bin_Jassim,1,Yukio_Hatoyama,1
1647,Hamid_Efendi,1,Valentina_Tereshkova,1
1648,Hamid_Efendi,1,Wolfgang_Schuessel,4
1649,Han_Sung_Joo,1,Hank_Azaria,1
1650,Hank_Stram,1,Quin_Snyder,1
1651,Hank_Stram,1,Rudolph_Holton,1
1652,Hans-Christian_Schmid,1,Zaini_Abdullah,1
1653,Hans_Blix,22,Saeed_Mortazavi,1
1654,Harriet_Lessy,1,Petria_Thomas,3
1655,Hasan_Wirayuda,1,Monique_Gagnon-Tremblay,1
1656,Hatsui_Hasuike,1,Kim_Dae-jung,4
1657,Heather_Locklear,1,Landon_Donovan,1
1658,Heather_Locklear,1,Michelle_Hofland,1
1659,Heather_Willson,1,Jeanette_Stauffer,1
1660,Hector_Babenco,2,Mark_Salter,1
1661,Hector_Grullon,1,Nicolas_Cage,4
1662,Hedayat_Amin_Arsala,1,Ray_Lucas,1
1663,Heinrich_Wolfgang,1,Mike_Fisher,1
1664,Helen_Alvare,1,Pablo_Khulental,1
1665,Helo_Pinheiro,1,Rien_Long,1
1666,Henk_Bekedam,1,Jorge_Alberto_Galindo,1
1667,Henry_Hyde,1,James_May,1
1668,Herb_Ritts,1,Larry_Johnson,1
1669,Herb_Sendek,3,Hillary_Clinton,3
1670,Herman_Edwards,1,Sean_Hayes,2
1671,Hermes_Gamonal,1,Jason_Biggs,1
1672,Hermes_Gamonal,1,Sue_Wicks,1
1673,Hillary_Clinton,2,Zydrunas_Ilgauskas,1
1674,Hilmi_Ozkok,2,Johnny_Benson,1
1675,Hiroki_Gomi,1,Steve_Karsay,1
1676,Hisham_Halawi,1,Lonnie_Donegan,1
1677,Hitoshi_Tanaka,1,Leo_Mullin,1
1678,Holly_Robinson_Peete,1,Robert_Schuller,1
1679,Hong_Myung,1,Roy_Chaderton,1
1680,Howard_Stringer,1,Princess_Elisabeth,2
1681,Hugh_Carey,1,Oprah_Winfrey,4
1682,Hung_Wan-ting,1,Intisar_Ajouri,1
1683,Hushiar_Zebari,1,Morgan_Fairchild,1
1684,Hushiar_Zebari,1,Osrat_Iosef,1
1685,Hussein_Malik,1,Kurt_Russell,1
1686,Iain_Anderson,1,Troy_Garity,1
1687,Iain_Duncan_Smith,2,Ted_Maher,2
1688,Ian_Wilmut,1,Randall_Tobias,1
1689,Ibrahim_Hilal,1,Kathy_Baker,1
1690,Ibrahim_Jaafari,1,Tom_Brennan,1
1691,Ibrahim_Rugova,1,Juan_Manuel_Marquez,1
1692,Ignacio_Antonio_Velasco,1,Lionel_Richie,2
1693,Igor_Trunov,1,Steve_Avery,1
1694,Igor_Trunov,1,Vladimir_Voltchkov,2
1695,Inga_Hall,1,Jorge_Alberto_Galindo,1
1696,Inga_Hall,1,Richard_Tubb,1
1697,Ira_Einhorn,1,William_Shatner,1
1698,Irwan_Fadzi_Idris,1,Kathy_Bates,1
1699,Irwan_Fadzi_Idris,1,Ted_Maher,2
1700,Ismael_Miranda,1,John_Malkovich,1
1701,Ismael_Miranda,1,Mohamed_Hammam,1
1702,Jack_LaLanne,1,Zafarullah_Khan_Jamali,2
1703,Jack_Straw,6,John_Rosa,2
1704,Jack_Valenti,1,Jaouad_Gharib,1
1705,Jackie_Sherrill,1,John_Norquist,1
1706,Jacob_Frenkel,1,Joseph_Hoy,1
1707,Jacob_Frenkel,1,Matthew_Ouimet,1
1708,Jacques_Kallis,1,Robert_Towne,1
1709,Jada_Pinkett_Smith,1,Mercedes_Amor,1
1710,Jade_Jagger,1,Marisol_Breton,1
1711,Jafar_Umar_Thalib,1,John_Rigas,1
1712,Jafar_Umar_Thalib,1,Juan_Valencia_Osorio,1
1713,Jakob_Kellenberger,1,Kiki_Vandeweghe,1
1714,Jakob_Kellenberger,1,Riccardo_Muti,1
1715,James_Baker,1,Piers_Sellers,1
1716,James_Ballenger,1,Norah_Jones,5
1717,James_Barksdale,1,Jose_Miguel_Aleman,1
1718,James_Barksdale,1,Tom_DeLay,1
1719,James_Collinson,1,Jim_Nochols,1
1720,James_Cunningham,2,Martin_Kristof,1
1721,James_Hakett,1,Leandro_Garcia,1
1722,James_Hill,1,Natasha_McElhone,1
1723,James_Jones,2,Patrick_Clawsen,1
1724,James_May,1,Toutai_Kefu,1
1725,James_McPherson,1,Ralph_Klein,2
1726,James_Roberts,1,Olesya_Bonabarenko,2
1727,James_Robertson_Jr,1,Justin_Wilson,1
1728,James_Spalding,1,Saeed_Mortazavi,1
1729,James_W_Kennedy,1,Joan_Collins,1
1730,Jan_Petersen,1,Tom_Miller,1
1731,Jane_Fonda,1,Marco_Antonio_Barrera,6
1732,Jane_Riley,1,Paul_Walker,1
1733,Jane_Russell,1,Lara_Logan,1
1734,Jane_Russell,1,Svend_Robinson,1
1735,Jane_Walker_Wood,1,Oswaldo_Paya,5
1736,Janette_Husarova,1,Phil_Donahue,1
1737,Jason_Bentley,1,Mark_Swartz,1
1738,Jason_Bentley,1,Steven_Kinlock,1
1739,Jason_Biggs,1,Rick_Barnes,2
1740,Jason_Vale,1,Richard_Cohen,1
1741,Jay_Leno,3,Pele,1
1742,Jean-Francois_Pontal,1,Stella_McCartney,1
1743,Jean-Rene_Fourtou,1,Shingo_Katayama,1
1744,Jean-Sebastien_Giguere,1,Joshua_Davey,1
1745,Jean-Sebastien_Giguere,2,Rhina_Villatoro,1
1746,Jean_Brumley,2,Pamela_Anderson,5
1747,Jeanette_Stauffer,1,Wang_Nan,1
1748,Jeff_Bzdelik,1,Tonino_Guerra,1
1749,Jeff_Bzdelik,1,Troy_Garity,1
1750,Jeff_Schiffner,1,Jim_Greenwood,1
1751,Jeff_Schiffner,1,Sanjay_Chawla,1
1752,Jeff_Van_Gundy,3,Kaspar_Villiger,1
1753,Jeff_Weaver,1,Luciano_Bovicelli,1
1754,Jeff_Weaver,1,Natasha_Lyonne,1
1755,Jeffery_Strelzin,1,Ratna_Sari_Dewi_Sukarno,1
1756,Jeffrey_Archer,1,Kelly_Osbourne,1
1757,Jeffrey_Archer,2,Yusuf_Misbac,1
1758,Jeffrey_Donaldson,1,Joe_Metz,1
1759,Jeffrey_Donaldson,1,Nora_Ephron,1
1760,Jeffrey_Jones,1,John_Bond,1
1761,Jeffrey_Scott_Postell,1,Linda_Baboolal,1
1762,Jelena_Dokic,2,Ralph_Fiennes,1
1763,Jennifer_Garner,2,Thad_Matta,1
1764,Jennifer_Lopez,3,Johnny_Benson,1
1765,Jennifer_Reilly,1,Ronald_Reagan,2
1766,Jeremy_Fogel,1,Sharon_Frey,1
1767,Jeremy_Gompertz,1,Sharon_Frey,2
1768,Jerry_Lewis,1,Takashi_Sorimachi,1
1769,Jerry_Sloan,1,Kimberly_Stewart,1
1770,Jesse_Helms,1,Steve_Largent,1
1771,Jesse_James_Leija,1,Melissa_Stark,1
1772,Jessica_Alba,2,Zico,2
1773,Jessica_Brungo,1,LeAnn_Rimes,1
1774,Jesus_Cardenal,1,Ruben_Studdard,1
1775,Jia_Qinglin,1,Marcelo_Salas,2
1776,Jim_Bollman,1,Timothy_Coughlin,1
1777,Jim_Fassel,1,Mark_Hamister,1
1778,Jim_Hardin,1,Peter_Chan,1
1779,Jim_Ryan,1,Roger_Staubach,1
1780,Jim_Taylor,1,Ralph_Nader,1
1781,Jim_Taylor,1,Thanongsak_Tuvinan,1
1782,Jim_Thome,1,Kevin_Keegan,1
1783,Jim_Thome,1,Roger_King,1
1784,Jim_Wall,1,Mary_Blige,1
1785,Jimmy_Jimenez,1,Juan_Francisco_Palencia,1
1786,Jimmy_Lee,1,Steve_McManaman,1
1787,Jimmy_Smits,1,Peter_Harvey,1
1788,Jo_Dee_Messina,1,Jon_Stewart,1
1789,Joan_Collins,1,Joe_Calzaghe,2
1790,Joan_Dangerfield,1,John_Richardson,1
1791,Joanne_Woodward,1,Pedro_Duque,1
1792,Joe_Calzaghe,2,Joerg_Haider,2
1793,Joe_Carnahan,1,Mary_Catherine_Correll,1
1794,Joe_Cravens,1,Jose_Lopez_Beltran,1
1795,Joe_Darrell,1,Liu_Xiaoqing,1
1796,Joe_Mendes,1,Joy_Bryant,1
1797,Joe_Mendes,1,Micky_Ward,1
1798,Joel_Gallen,1,Martin_Scorsese,1
1799,Joel_Todd,1,Pascal_Lamy,1
1800,Joey_Mantia,1,Mitar_Rasevic,1
1801,John_Anderson,1,Katerina_Smrzova,1
1802,John_Anderson,1,Thomas_Weston,1
1803,John_Brady,1,Tom_Brady,1
1804,John_Leguizamo,1,Katie_Harman,1
1805,John_Leguizamo,1,Mel_Gibson,1
1806,John_Leguizamo,1,Victoria_Clarke,5
1807,John_Lithgow,1,Manuel_Llorente,1
1808,John_McKay,1,Kurt_Schottenheimer,1
1809,John_Perrota,1,Olene_Walker,1
1810,John_Petty,1,Stephen_Frears,1
1811,John_Philip_Elkann,1,Ray_Morrough,1
1812,John_Reilly,1,Jose_Canseco,2
1813,John_Reilly,1,Ricky_Martin,1
1814,John_Reilly,1,Yossi_Beilin,1
1815,John_Starks,1,Kenenisa_Bekele,1
1816,John_Sweeney,1,Lee_Tae-sik,2
1817,John_Sweeney,1,Ronald_Ito,1
1818,John_Swofford,3,Lindsay_Benko,2
1819,John_Taylor,2,Sepp_Blatter,3
1820,John_Thune,1,Mary-Kate_Olsen,3
1821,John_White,1,Mikhail_Shvydkoi,1
1822,John_Wright,1,Rafeeuddin_Ahmed,1
1823,Johnny_Htu,1,Victor_Kraatz,1
1824,Jonathan_Karsh,1,Mahmoud_Diyab_al-Ahmed,1
1825,Jorge_Alberto_Galindo,1,Omar_Sharif,2
1826,Jose_Acasuso,1,Lin_Yung_Hsi,1
1827,Jose_Maria_Aznar,18,Svend_Robinson,1
1828,Jose_Rosado,1,Ramon_Cardenas,1
1829,Jose_Rosado,1,Tayshaun_Prince,1
1830,Jose_Rosado,1,Ted_Maher,1
1831,Jose_Serra,5,Wally_Szczerbiak,1
1832,Jose_Woldenberg,1,Yashwant_Sinha,5
1833,Joseph_Biden,5,Stephanie_Moore,1
1834,Joseph_Hoy,1,Mark_Schweiker,2
1835,Joseph_Kabila,1,Tabare_Vazquez,1
1836,Joseph_Nacchio,1,Nikki_McKibbin,1
1837,Joseph_Ralston,1,Shia_LaBeouf,2
1838,Josh_Evans,1,Sok_An,1
1839,Joy_Lee_Sadler,1,Richard_Palmer,1
1840,Juan_Carlos_Ferrero,23,Sean_Hayes,2
1841,Juan_Fernandez,1,Nancy_Humbert,1
1842,Juan_Jose_Lucas,1,Nathalia_Gillot,1
1843,Judy_Genshaft,1,Randy_Ferbey,1
1844,Julian_Fantino,1,Paola_Espinoza,1
1845,Julie_Infante,1,Mike_Easley,1
1846,Juliette_Binoche,1,Venus_Williams,1
1847,Julio_Cesar_Franco,1,Michael_Bolton,1
1848,Julio_Iglesias_Jr,1,Justin_Marshall,1
1849,Julius_Erving,1,Nanni_Moretti,2
1850,Justin_Marshall,1,Queen_Sofia,1
1851,Justin_Wilson,1,Pamela_Melroy,1
1852,Justine_Pasek,5,Michael_Rolinee,1
1853,Kaio_Almeida,1,Richard_Haass,2
1854,Kaio_Almeida,1,Sven_Ottke,1
1855,Karen_Lynn_Gorney,1,Soon_Yi,1
1856,Karen_Pereiras,1,Peter_Arnett,2
1857,Kate_Burton,1,Vin_Diesel,2
1858,Kate_Winslet,1,Luis_Gonzalez,1
1859,Kathryn_Tucker,1,Mathilda_Karel_Spak,1
1860,Kathryn_Tucker,1,Tony_Fernandes,1
1861,Katie_Couric,1,Richard_Cohen,1
1862,Katie_Harman,3,Lin_Yung_Hsi,1
1863,Katrin_Susi,1,Leonard_Hamilton,1
1864,Kaye_Young,1,Ted_Williams,1
1865,Keanu_Reeves,2,Liu_Xiaoqing,1
1866,Keith_Bishop_Jr,1,Shaun_Pollock,1
1867,Keith_Bishop_Jr,1,Wendy_Kennedy,1
1868,Kellie_Coffey,1,Mark_Gangloff,1
1869,Kelly_Osbourne,1,Sim_Yong,1
1870,Ken_Dorsey,1,Mira_Sorvino,1
1871,Kent_McCord,1,Marion_Barry,1
1872,Kevin_Stallings,2,Zico,1
1873,Khin_Nyunt,1,Raoul_Ruiz,3
1874,Kim_Clijsters,6,Stephen_Ambrose,2
1875,Kimberly_Bruckner,1,Natasha_McElhone,2
1876,Kimberly_Bruckner,1,Ray_Lewis,1
1877,Kimberly_Stewart,1,Lee_Yeo-jin,1
1878,Kirk_Douglas,1,Troy_Garity,1
1879,Kirk_Johnson,1,Michelle_Hofland,1
1880,Kirk_Johnson,1,Uzi_Even,1
1881,Kostya_Tszyu,1,Pauline_Landers,1
1882,Kristen_Rivera,1,Mary_Robinson,1
1883,Kristin_Scott,1,Milt_Palacio,1
1884,Kwame_Kilpatrick,1,Ronnie_Musgrove,1
1885,Kwon_Yang-sook,3,Princess_Masako,2
1886,Kwon_Young-gil,1,Mark_Rosenbaum,1
1887,Larry_Brown,6,Prince_Philippe,1
1888,Larry_Johnson,2,Lee_Ann_Womack,1
1889,Larry_Wilmore,1,Laura_Gobai,1
1890,Larry_Wilmore,1,Nebojsa_Pavkovic,1
1891,Lars_Von_Trier,1,Leon_Silver,1
1892,Laura_Schlessinger,1,Zahir_Shah,1
1893,Laurence_Tribe,1,Mark_Lazarus,1
1894,Laurie_Pirtle,1,Porter_Goss,1
1895,Lawrence_Foley,1,Omar_Vizquel,1
1896,Lawrence_Vito,1,Martha_Sahagun_de_Fox,1
1897,Lawrence_Vito,1,Sanjay_Chawla,1
1898,Leah_Remini,1,Max_von_Sydow,1
1899,Lee_Ann_Womack,1,Roberto_Carlos,2
1900,Lee_Nam-shin,1,Nick_Nolte,1
1901,Lee_Soo-hyuck,1,Scott_Sullivan,1
1902,Lee_Yeo-jin,1,Mariangel_Ruiz_Torrealba,1
1903,Leland_Chapman,1,Valorie_Brabazon,1
1904,Lemuel_Montulo,1,Tom_Vilsack,1
1905,Lene_Espersen,1,San_Lan,1
1906,Leslie_Caldwell,2,Takuma_Sato,1
1907,Leuris_Pupo,1,Stephen_Funk,1
1908,Li_Changchun,1,Noel_Forgeard,1
1909,Li_Ka-shing,1,Manuel_Poggiali,2
1910,Li_Ka-shing,1,Prince_Willem-Alexander,3
1911,Li_Zhaoxing,7,Yang_Jianli,1
1912,Lin_Yung_Hsi,1,Patricia_Johnson,1
1913,Linda_Baboolal,1,Michael_J_Fox,1
1914,Linda_Baboolal,1,Raquel_Welch,2
1915,Lionel_Hampton,1,Paola_Espinoza,1
1916,Lionel_Richie,2,Ravan_AG_Farhadi,1
1917,Lisa_Gottsegen,2,Steve_Phillips,1
1918,Lisa_Stansfield,1,Urmila_Matondkar,1
1919,Lisa_Stone,1,Todd_Reid,1
1920,Lope_Mendoza,1,Roy_Halladay,1
1921,Lorne_Michaels,1,Tex_Ritter,1
1922,Lou_Piniella,3,Robert_DeFraites,1
1923,Lucia_Kenny_Anthony,1,Paul_Wolfowitz,4
1924,Lucio_Cecchinello,1,Strom_Thurmond,1
1925,Luis_Guzman,1,Thomas_Ulrich,1
1926,Luke_Ridnour,1,Najib_al-Salhi,1
1927,Madeleine_Albright,1,Robert_Schuller,1
1928,Mae_Jemison,1,Max_Biaggi,1
1929,Mahmoud_Al_Zhar,1,Takaloo,1
1930,Manuel_Poggiali,2,Wu_Peng,1
1931,Manuel_Rosendo,1,Takaloo,1
1932,Marc-Andre_Fleury,1,Rob_Lowe,3
1933,Marcus_Garrettson,1,Rosalie_Perkov,1
1934,Maria_Luisa_Mendonca,1,Terry_Hoeppner,1
1935,Maria_Luisa_Mendonca,1,Tim_Lobinger,1
1936,Maria_Wetterstrand,1,Tori_Amos,1
1937,Mariah_Carey,1,Richard_Gephardt,8
1938,Maribel_Dominguez,1,Vagit_Alekperov,1
1939,Mario_Vasquez_Rana,1,Robert_Bonner,1
1940,Marion_Fahnestock,1,Steve_Fehr,1
1941,Marisol_Breton,1,Will_Young,1
1942,Mark_Hurlbert,4,Todd_MacCulloch,1
1943,Mark_Lazarus,1,Olene_Walker,1
1944,Mark_Rosenbaum,1,Pupi_Avati,2
1945,Markus_Beyer,1,Ulrich_Kueperkoch,1
1946,Marlene_Weingartner,1,Steve_Avery,1
1947,Martha_Smith,1,Ty_Votaw,1
1948,Marwan_Muasher,1,Scott_OGrady,1
1949,Mary_Robinson,1,Vanessa_Williams,1
1950,Masja_Juel,1,Normand_Legault,1
1951,Masja_Juel,1,Razali_Ismail,1
1952,Mathias_Reichhold,1,Paul_ONeill,9
1953,Matt_Anderson,1,Pauley_Perrette,1
1954,Matt_Anderson,1,Tyler_Grillo,1
1955,Matt_LeBlanc,1,Stanley_Tong,1
1956,Maureen_Fanning,1,Paul_Tagliabue,1
1957,Maureen_Kanka,1,Normand_Legault,1
1958,Mehmet_Okur,1,Ty_Votaw,1
1959,Mel_Karmazin,1,Vaclav_Klaus,2
1960,Melina_Kanakaredes,1,Tom_Brennan,1
1961,Melissa_Stark,1,William_Ragland,1
1962,Michael_Caine,1,Tom_Watson,1
1963,Michael_Chertoff,1,Ryan_Newman,1
1964,Michael_Diekmann,1,Qian_Qichen,1
1965,Michael_Hagee,1,Rick_Lu,1
1966,Michael_Kors,1,Nate_Hybl,1
1967,Michael_Schumacher,3,Stephanie_Moore,1
1968,Michelle_Branch,2,Ricardo_Lopez_Murphy,2
1969,Mick_Jagger,4,Roberto_Canessa,1
1970,Mickey_Gilley,1,Sepp_Blatter,3
1971,Mickey_Loomis,1,Najib_al-Salhi,1
1972,Mickey_Loomis,1,Philippe_Gagnon,1
1973,Mickey_Rooney,1,Mickey_Sherman,1
1974,Mike_Bair,1,Timothy_Wirth,1
1975,Mike_Bair,1,Tyrone_Medley,1
1976,Mike_Fisher,1,Oscar_Bolanos,1
1977,Mike_Gable,1,Sharon_Osbourne,1
1978,Mike_OConnell,1,Natalie_Stewart,1
1979,Milan_Kucan,1,Yuvraj_Singh,1
1980,Milo_Maestrecampo,3,Wes_Craven,1
1981,Minnie_Driver,1,Penny_Dupuie,1
1982,Minnie_Driver,2,Yukio_Hatoyama,1
1983,Minnie_Mendoza,1,Sherri_Coale,1
1984,Mireille_Jospin-Dandieu,1,Ricardo_Lopez_Murphy,2
1985,Misty_Dawn_Clymer,1,Terry_Stotts,2
1986,Mitoji_Yabunaka,1,Sanjay_Gupta,1
1987,Mitsou_Gelinas,1,Yana_Klochkova,1
1988,Mohammed_Ashraf_Hafiz,1,Ronald_Young_Jr,1
1989,Myung_Yang,1,Rene_Antonio_Leon_Rodriguez,1
1990,Nabil_Shaath,2,Quincy_Jones,1
1991,Nadia_Forte,1,Toni_Jennings,1
1992,Nan_Wang,4,Penny_Dupuie,1
1993,Nancy_Kerrigan,1,Thomas_Wyman,2
1994,Naomi_Bronstein,1,Rainer_Geulen,1
1995,Naomi_Watts,13,Yuri_Fedotov,2
1996,Natalia_Dmitrieva,1,Nova_Esther_Guthrie,1
1997,Natalia_Dmitrieva,1,Yana_Klochkova,1
1998,Natalia_Dmitrieva,1,Yoshiyuki_Kamei,1
1999,Natalia_Verbeke,1,Steny_Hoyer,1
2000,Natalia_Vodonova,1,Russell_Simmons,4
2001,Natalie_Cole,3,Steve_McManaman,1
2002,Natasa_Micic,1,Oxana_Fedorova,3
2003,Natasa_Micic,1,Simona_Hradil,1
2004,Nathirah_Hussein,1,Pedro_Mahecha,1
2005,Nathirah_Hussein,1,Tomas_Enge,1
2006,Neri_Marcore,1,Wolfgang_Schuessel,2
2007,Nick_Nolte,3,Steven_Briggs,1
2008,Nicolas_Kiefer,1,Will_Young,1
2009,Nicolas_Lapentti,1,Paula_Dobriansky,1
2010,Nicolas_Latorre,1,Paulo_Cesar_Pinheiro,2
2011,Nora_Ephron,1,Roel_Campos,1
2012,Orlando_Bloom,1,Toutai_Kefu,1
2013,Paddy_Torsney,1,Scott_Rudin,2
2014,Pamela_Anderson,2,Stan_Kroenke,1
2015,Paola_Espinoza,1,Ranil_Wickremasinghe,2
2016,Paradorn_Srichaphan,7,Wolfgang_Schuessel,2
2017,Parris_Glendening,1,Stefaan_Declerk,1
2018,Pat_Cox,1,Prince_Felipe,1
2019,Patrick_Clawsen,1,Valerie_Thwaites,1
2020,Patrick_Ewing,2,Tali_Imani,1
2021,Patrick_Roy,2,Ronald_Reagan,1
2022,Paul_Murphy,1,Samantha_Daniels,1
2023,Paul_ONeill,8,Steven_Feldman,1
2024,Paul_Wilson,1,Pupi_Avati,1
2025,Paula_Dobriansky,1,Selma_Phoenix,1
2026,Paula_Radcliffe,1,Theresa_May,2
2027,Paulo_Cesar_Pinheiro,1,Zhu_Rongji,5
2028,Pedro_Velasquez,1,Queen_Rania,4
2029,Pedro_Velasquez,1,Will_Ferrell,1
2030,Peggy_McGuinness,1,Pete_Beaudrault,1
2031,Penny_Lancaster,1,Sven_Ottke,1
2032,Pernilla_Bjorn,1,Sanjay_Gupta,1
2033,Pete_Beaudrault,1,Roy_Halladay,1
2034,Pete_Gillen,1,Pringe_Ernst_August,1
2035,Peter_Bacanovic,1,Zhang_Wenkang,1
2036,Peter_Hillary,2,Terence_Newman,1
2037,Pham_Sy_Chien,1,Sharon_Stone,5
2038,Pier_Ferdinando_Casini,1,Steve_Phillips,1
2039,Pier_Ferdinando_Casini,1,Tom_Curley,1
2040,Piotr_Anderszewski,1,Yoshiyuki_Kamei,1
2041,Platon_Lebedev,1,Ray_Young,1
2042,Prince_Naruhito,2,Princess_Elisabeth,2
2043,Princess_Anne,1,Roberto_Laratro,1
2044,Princess_Anne,2,Tab_Turner,1
2045,Pringe_Ernst_August,1,Rose_Marie,1
2046,Pringe_Ernst_August,1,Suzanne_Haik_Terrell,1
2047,Qian_Qichen,1,Sok_An,1
2048,Quincy_Jones,1,Stephen_Joseph,1
2049,Raag_Singhal,1,Ray_Halbritter,1
2050,Rashid_Qureshi,1,Ray_Young,1
2051,Ray_Halbritter,1,Xanana_Gusmao,3
2052,Ray_Halbritter,1,Zara_Akhmadova,1
2053,Ray_Morrough,1,Ron_Gonzales,1
2054,Ray_Nagin,2,Thomas_Enqvist,1
2055,Razali_Ismail,1,Rob_Marshall,4
2056,Rene_Antonio_Leon_Rodriguez,1,Ted_Turner,1
2057,Retief_Goosen,1,Tuncay_Sanli,1
2058,Richard_Armitage,6,Sila_Calderon,1
2059,Richard_Branson,2,Taufik_Hidayat,1
2060,Richard_Krajicek,3,Zalmay_Khalilzad,1
2061,Robert_Altman,1,Stella_Keitel,1
2062,Robert_Lange,1,Tina_Andrews,1
2063,Roberto_Cercelletta,1,Scott_Hamilton,1
2064,Ron_Zook,1,Trista_Rehn,1
2065,Ross_Verba,1,Tony_Curtis,2
2066,Rudi_Voeller,1,Tim_Lobinger,1
2067,Ruth_Harlow,1,Tony_Fernandes,1
2068,Ryan_Leaf,1,Wilson_Alvarez,1
2069,SJ_Twu,1,Sachin_Tendulkar,1
2070,Sada_Jacobson,1,William_Webster,1
2071,Sam_Torrance,3,Tom_Christerson,1
2072,Sammy_Sosa,1,Steve_Park,1
2073,Sandy_Smith,1,Susan_Walvius,1
2074,Sara_Silverman,1,Stephen_Friedman,1
2075,Sean_Combs,1,Sherry_Fisher,1
2076,Shawn_Kemp,1,Steven_Seagal,1
2077,Shi_Guangsheng,1,TA_McLendon,1
2078,Shia_LaBeouf,1,Tatyana_Tomashova,1
2079,Shoshana_Johnson,1,Suzanne_Mubarak,1
2080,Simona_Hradil,1,Ted_Washington,1
2081,Spike_Helmick,1,Stephen_Webster,1
2082,Spike_Helmick,1,Wayne_Brady,1
2083,Stanley_McChrystal,1,Tatjana_Gsell,1
2084,Stanley_McChrystal,2,Surya_Bahadur_Thapa,1
2085,Stanley_Nelson,1,Stella_Tennant,1
2086,Stephen_Frears,1,Taufik_Kiemas,1
2087,Stephen_Joseph,1,Steven_Spielberg,7
2088,Steve_Redgrave,1,Tom_Crean,2
2089,Syed_Ibrahim,1,Tim_Chapman,1
2090,Tammy_Helm,1,Taufik_Kiemas,1
2091,Terje_Roed-Larsen,2,Thomas_Rupprath,3
2092,Thomas_Rupprath,3,Wendy_Kennedy,1
2093,Tim_Howard,1,Tom_Reilly,1
2094,Tom_Craddick,3,Val_Ackerman,1
2095,Tom_Vilsack,1,Wayne_Ferreira,5
2096,Trisha_Meili,1,Vladimiro_Montesinos,3
2097,Ty_Votaw,1,Wayne_Allard,1
2098,Vytas_Danelius,1,Zaini_Abdullah,1
2099,Wendy_Kennedy,1,Zara_Akhmadova,1
